,HY_OAS,IG_OAS,HY_IG_Spread,SPY,FEDFUNDS,SPY_Returns,Fed_Rate_Change,Fed_Rate_Change_Type,Fed_Rate_Diff,Spread_P25,Spread_P50,Spread_P75,Spread_P90,Regime,Position_Size,Strategy_Return,SPY_Cumulative,Strategy_Cumulative,SPY_Drawdown,Strategy_Drawdown
1996-12-31,3.13,0.6,2.53,44.74105453491211,,,No Change,none,,,,,,Unknown,0.5,0.0,,1.0,,0.0
1997-01-31,3.04,0.61,2.43,47.50542449951172,5.25,6.178598142881353,No Change,none,,,,,,Unknown,0.5,3.0892990714406765,1.0617859814288135,1.0308929907144067,0.0,0.0
1997-02-28,2.73,0.59,2.14,47.959842681884766,5.19,0.9565606184146702,Rate Decrease,decrease,-0.05999999999999961,,,,,Unknown,0.5,0.4782803092073351,1.0719426079790093,1.0358235488979923,0.0,0.0
1997-03-31,2.84,0.57,2.27,45.84370803833008,5.39,-4.412305222915148,Rate Increase,increase,0.1999999999999993,,,,,Unknown,0.5,-2.206152611457574,1.0246452283004985,1.0129717006238868,-4.412305222915158,-2.206152611457579
1997-04-30,2.94,0.59,2.35,48.71368789672852,5.51,6.260357159588481,Rate Increase,increase,0.1200000000000001,,,,,Unknown,0.5,3.1301785797942405,1.0887916792107906,1.044679523816193,0.0,0.0
1997-05-31,2.68,0.61,2.0700000000000003,51.79277801513672,5.5,6.320790421238032,No Change,none,-0.009999999999999787,,,,,Unknown,0.5,3.160395210619016,1.157611919377583,1.0776955254531975,0.0,0.0
1997-06-30,2.67,0.58,2.09,53.92155838012695,5.56,4.11018764888047,Rate Increase,increase,0.05999999999999961,,,,,Unknown,0.5,2.055093824440235,1.2051919415098085,1.0998431796430548,0.0,0.0
1997-07-31,2.71,0.56,2.15,58.19561004638672,5.52,7.926424596502368,No Change,none,-0.040000000000000036,,,,,Unknown,0.5,3.963212298251184,1.3007205719967063,1.1434322998001452,0.0,0.0
1997-08-31,2.59,0.57,2.02,55.180885314941406,5.54,-5.180330146968693,No Change,none,0.020000000000000462,,,,,Unknown,0.5,-2.5901650734843464,1.2333389520777374,1.1138155157317828,-5.180330146968693,-2.590165073484363
1997-09-30,2.59,0.54,2.05,57.83455276489258,5.54,4.809033843523047,No Change,none,0.0,,,,,Unknown,0.5,2.4045169217615237,1.2926506396885082,1.1405973982847588,-0.6204201334195969,-0.24792910921633826
1997-10-31,2.99,0.67,2.3200000000000003,56.41740036010742,5.5,-2.450355949921712,No Change,none,-0.040000000000000036,,,,,Unknown,0.5,-1.225177974960856,1.2609760978271998,1.1266230501779975,-3.055573581687554,-1.4700695113375462
1997-11-30,2.9,0.72,2.18,58.60053634643555,5.52,3.869614644406427,No Change,none,0.019999999999999574,2.085,2.165,2.3275,2.422,Moderate-High Spread,0.5,1.9348073222032136,1.3097710135711857,1.1484210354464706,0.0,0.0
1997-12-31,2.96,0.7,2.26,59.71820068359375,5.5,1.90725956935065,No Change,none,-0.019999999999999574,2.09,2.18,2.3200000000000003,2.414,Moderate-High Spread,0.5,0.953629784675325,1.3347517465641032,1.1593727204939648,0.0,0.0
1998-01-31,3.0,0.78,2.22,60.48725128173828,5.56,1.2877993464994075,Rate Increase,increase,0.05999999999999961,2.1025,2.2,2.3075,2.406,Moderate-High Spread,0.5,0.6438996732497038,1.3519406708337451,1.1668379176529717,0.0,0.0
1998-02-28,2.87,0.76,2.1100000000000003,64.67868041992188,5.51,6.929442236779293,No Change,none,-0.04999999999999982,2.1,2.18,2.295,2.398,Moderate-Low Spread,0.75,5.197081677584469,1.4456226186946959,1.2274794372784223,0.0,0.0
1998-03-31,2.83,0.72,2.1100000000000003,67.83392333984375,5.49,4.878335333121631,No Change,none,-0.019999999999999574,2.1050000000000004,2.165,2.2825,2.39,Moderate-Low Spread,0.75,3.658751499841223,1.5161449376860774,1.2723898596000893,0.0,0.0
1998-04-30,2.98,0.72,2.26,68.70160675048828,5.45,1.2791290373954878,No Change,none,-0.040000000000000036,2.1100000000000003,2.18,2.27,2.382,Moderate-High Spread,0.5,0.6395645186977439,1.5355383878330218,1.2805276136815997,0.0,0.0
1998-05-31,3.18,0.71,2.47,67.27476501464844,5.49,-2.076868072419136,No Change,none,0.040000000000000036,2.1100000000000003,2.2,2.3075,2.442,Very High Spread (Reduce Exposure),0.1,-0.20768680724191363,1.5036472813163781,1.2778681267648933,-2.0768680724191357,-0.20768680724192468
1998-06-30,3.37,0.75,2.62,70.13887023925781,5.56,4.257324754662073,Rate Increase,increase,0.0699999999999994,2.1100000000000003,2.22,2.335,2.482,Very High Spread (Reduce Exposure),0.1,0.4257324754662073,1.5676624292466637,1.283308426374163,0.0,0.0
1998-07-31,3.38,0.82,2.56,69.1910400390625,5.54,-1.3513622289068383,No Change,none,-0.019999999999999574,2.1100000000000003,2.24,2.37,2.533,Very High Spread (Reduce Exposure),0.1,-0.13513622289068383,1.5464776313010609,1.281574211838723,-1.3513622289068383,-0.13513622289068605
1998-08-31,5.2,1.27,3.93,59.42270660400391,5.55,-14.11791675561429,No Change,none,0.009999999999999787,2.1100000000000003,2.26,2.43,2.56,Very High Spread (Reduce Exposure),0.1,-1.411791675561429,1.3281472066697815,1.263481053799842,-15.278494789977238,-1.545020056506674
1998-09-30,5.95,1.32,4.63,63.20431137084961,5.51,6.36390528631845,No Change,none,-0.040000000000000036,2.1175,2.26,2.46,2.6140000000000003,Very High Spread (Reduce Exposure),0.1,0.636390528631845,1.4126692369651306,1.271521727557282,-9.886898441268045,-0.918461889179889
1998-10-31,6.52,1.48,5.039999999999999,68.32898712158203,5.07,8.108111044298116,Rate Decrease,decrease,-0.4399999999999995,2.125,2.26,2.5,3.668000000000001,Very High Spread (Reduce Exposure),0.1,0.8108111044298116,1.5272100273869023,1.2818313669195545,-2.580428101424914,-0.1150977757374938
1998-11-30,5.44,1.23,4.210000000000001,72.13363647460938,4.83,5.568133691572941,Rate Decrease,decrease,-0.2400000000000002,2.1325000000000003,2.2649999999999997,2.5374999999999996,4.126,Very High Spread (Reduce Exposure),0.1,0.5568133691572941,1.6122471234629128,1.2889687753406143,0.0,0.0
1998-12-31,5.66,1.19,4.470000000000001,76.85274505615234,4.68,6.542174791373601,Rate Decrease,decrease,-0.15000000000000036,2.14,2.27,2.56,4.366000000000001,Very High Spread (Reduce Exposure),0.1,0.6542174791373601,1.7177231483487494,1.2974014343695155,0.0,0.0
1999-01-31,5.6,1.16,4.44,79.56000518798828,4.63,3.5226589887685567,No Change,none,-0.04999999999999982,2.1425,2.295,2.605,4.455,High Spread (Caution),0.25,0.8806647471921392,1.778232677236215,1.3088271914315728,0.0,0.0
1999-02-28,5.21,1.09,4.12,77.00859069824219,4.76,-3.206905886591493,Rate Increase,increase,0.1299999999999999,2.145,2.3200000000000003,3.2750000000000004,4.452000000000001,High Spread (Caution),0.25,-0.8017264716478733,1.7212064288326332,1.2983339773697407,-3.2069058865914934,-0.8017264716478567
1999-03-31,5.19,1.07,4.12,80.20196533203125,4.81,4.146777138543256,No Change,none,0.04999999999999982,2.1475,2.335,3.9775,4.449000000000001,High Spread (Caution),0.25,1.036694284635814,1.7925810235306017,1.3117937315086177,0.0,0.0
1999-04-30,4.76,1.07,3.69,83.24764251708984,4.74,3.797509415697831,Rate Decrease,decrease,-0.0699999999999994,2.15,2.35,3.93,4.446000000000001,Moderate-High Spread,0.5,1.8987547078489155,1.8606544566831889,1.3367014767429046,0.0,0.0
1999-05-31,4.75,1.09,3.66,81.34410095214844,4.74,-2.2866011665743318,No Change,none,0.0,2.1574999999999998,2.39,3.87,4.4430000000000005,Moderate-High Spread,0.5,-1.1433005832871659,1.8181087101707538,1.321418960962495,-2.2866011665743313,-1.1433005832871657
1999-06-30,4.87,1.15,3.72,85.84881591796875,4.76,5.537850825188007,No Change,none,0.019999999999999574,2.165,2.43,3.825,4.44,Moderate-High Spread,0.5,2.7689254125940037,1.91879285837976,1.3580080663794212,0.0,0.0
1999-07-31,4.66,1.21,3.45,83.18567657470703,4.99,-3.1021270529886347,Rate Increase,increase,0.23000000000000043,2.1725000000000003,2.45,3.7725,4.417000000000001,Moderate-High Spread,0.5,-1.5510635264943173,1.8592694660291476,1.3369444985749592,-3.1021270529886347,-1.5510635264943229
1999-08-31,4.9,1.28,3.62,82.75482940673828,5.07,-0.5179343195962582,Rate Increase,increase,0.08000000000000007,2.18,2.47,3.72,4.394000000000001,Moderate-High Spread,0.5,-0.2589671597981291,1.8496396713708085,1.3334822513789224,-3.6039943919399797,-1.8060139411312126
1999-09-30,5.07,1.21,3.86,80.90633392333984,5.22,-2.233701037933533,Rate Increase,increase,0.14999999999999947,2.1900000000000004,2.5,3.825,4.371,High Spread (Caution),0.25,-0.5584252594833833,1.8083242508333683,1.3260357496564947,-5.757192969733693,-2.354353962577538
1999-10-31,5.13,1.17,3.96,86.09059143066406,5.2,6.407727622705517,No Change,none,-0.019999999999999574,2.2,2.53,3.895,4.348000000000001,High Spread (Caution),0.25,1.6019319056763792,1.9241967433621008,1.347277939410917,0.0,-0.7901372042002586
1999-11-30,4.91,1.17,3.74,87.52418518066406,5.42,1.6652153576556472,Rate Increase,increase,0.21999999999999975,2.21,2.545,3.8775,4.325000000000001,Moderate-High Spread,0.5,0.8326076788278236,1.9562387630440763,1.3584954789896055,0.0,0.0
1999-12-31,4.76,1.16,3.6,92.52259063720705,5.3,5.710884878534372,Rate Decrease,decrease,-0.1200000000000001,2.22,2.56,3.86,4.3020000000000005,Moderate-High Spread,0.5,2.855442439267186,2.067957306750788,1.3972865354322008,0.0,0.0
2000-01-31,4.87,1.22,3.65,87.9161376953125,5.45,-4.978733204690544,Rate Increase,increase,0.15000000000000036,2.23,2.59,3.83,4.279000000000002,Moderate-High Spread,0.5,-2.489366602345272,1.9649992296607623,1.3625029510800843,-4.978733204690544,-2.4893666023452665
2000-02-29,5.08,1.29,3.79,86.57752990722656,5.73,-1.5225962185976605,Rate Increase,increase,0.28000000000000025,2.24,2.62,3.825,4.256000000000001,Moderate-High Spread,0.5,-0.7612981092988302,1.9350802256944744,1.3521302418743708,-6.4255234197795215,-3.231713210766929
2000-03-31,5.75,1.48,4.27,94.96815490722656,5.85,9.691458059604033,Rate Increase,increase,0.11999999999999922,2.25,3.035,3.8775,4.287,High Spread (Caution),0.25,2.422864514901008,2.1226177141873452,1.3848905256999902,0.0,-0.887148728472964
2000-04-30,5.88,1.61,4.27,91.6327896118164,6.02,-3.5120881296140216,Rate Increase,increase,0.16999999999999993,2.26,3.45,3.93,4.27,High Spread (Caution),0.25,-0.8780220324035054,2.048069509410287,1.3727308817596755,-3.5120881296140105,-1.7573813995802823
2000-05-31,6.16,1.77,4.390000000000001,90.19207000732422,6.27,-1.5722751763811882,Rate Increase,increase,0.25,2.26,3.5250000000000004,3.9525,4.378,Very High Spread (Reduce Exposure),0.1,-0.15722751763811882,2.0158682209187972,1.370572571070433,-5.029143616160647,-1.9118458300684038
2000-06-30,6.17,1.71,4.46,91.96725463867188,6.53,1.968226952994323,Rate Increase,increase,0.2600000000000007,2.26,3.6,4.04,4.430000000000001,Very High Spread (Reduce Exposure),0.1,0.1968226952994323,2.0555450825797683,1.3732701689458486,-3.1599016233243904,-1.7187860812616806
2000-07-31,6.26,1.69,4.57,90.52315521240234,6.54,-1.5702321787719131,No Change,none,0.009999999999999787,2.26,3.6100000000000003,4.12,4.454,Very High Spread (Reduce Exposure),0.1,-0.1570232178771913,2.023268252243937,1.3711138159364222,-4.680516009989322,-1.8731104059256487
2000-08-31,6.43,1.72,4.71,96.43798828125,6.5,6.534055352985835,No Change,none,-0.040000000000000036,2.26,3.62,4.12,4.466,Very High Spread (Reduce Exposure),0.1,0.6534055352985835,2.155469719784945,1.3800727495049945,0.0,-1.2319438777016356
2000-09-30,6.77,1.66,5.109999999999999,91.1471939086914,6.52,-5.486213956608699,No Change,none,0.019999999999999574,2.2624999999999997,3.635,4.187500000000001,4.5200000000000005,Very High Spread (Reduce Exposure),0.1,-0.54862139566087,2.037216039187629,1.3725013751255248,-5.486213956608699,-1.7738065656669022
2000-10-31,7.79,1.89,5.9,90.72083282470705,6.51,-0.4677720352109671,No Change,none,-0.009999999999999787,2.2649999999999997,3.65,4.24,4.594,Very High Spread (Reduce Exposure),0.1,-0.04677720352109671,2.0276865122594767,1.3718593573639526,-5.928323017138815,-1.8197540320807004
2000-11-30,9.06,1.99,7.07,83.94828033447266,6.51,-7.465267104988404,No Change,none,0.0,2.2675,3.6550000000000002,4.27,4.654,Very High Spread (Reduce Exposure),0.1,-0.7465267104988405,1.8763142980674834,1.3616180608307529,-12.951024974051295,-2.552695792664683
2000-12-31,9.16,2.02,7.140000000000001,83.50950622558594,6.4,-0.5226719441286054,Rate Decrease,decrease,-0.10999999999999943,2.27,3.66,4.27,4.776000000000001,Very High Spread (Reduce Exposure),0.1,-0.05226719441286054,1.8665073296478112,1.360906381271738,-13.406005544163435,-2.603628764604826
2001-01-31,7.87,1.76,6.11,87.22225189208984,5.98,4.445895843851111,Rate Decrease,decrease,-0.41999999999999993,2.2825,3.675,4.36,5.047,Very High Spread (Reduce Exposure),0.1,0.4445895843851111,1.9494903014417997,1.3669568292961045,-9.556126743626736,-2.170614642523183
2001-02-28,7.7,1.81,5.890000000000001,78.90235900878906,5.49,-9.538727449497674,Rate Decrease,decrease,-0.4900000000000002,2.295,3.69,4.415000000000001,5.109999999999999,Very High Spread (Reduce Exposure),0.1,-0.9538727449497675,1.7635337349328757,1.3539178006662194,-18.183321308321297,-3.1037824860000507
2001-03-31,8.18,1.77,6.41,74.4808578491211,5.31,-5.60376294855196,Rate Decrease,decrease,-0.1800000000000006,2.3075,3.705,4.445,5.811999999999999,Very High Spread (Reduce Exposure),0.1,-0.560376294855196,1.6647094849094926,1.346330766259461,-22.7681340345814,-3.6467659195598356
2001-04-30,8.06,1.63,6.430000000000001,80.84451293945312,4.8,8.54401422607558,Rate Decrease,decrease,-0.5099999999999998,2.3200000000000003,3.72,4.46,5.898000000000001,Very High Spread (Reduce Exposure),0.1,0.854401422607558,1.806942500122989,1.357833835479385,-16.169432419432418,-2.823522516848165
2001-05-31,7.68,1.55,6.13,80.39136505126953,4.21,-0.5605178035063108,Rate Decrease,decrease,-0.5899999999999999,2.3275,3.7300000000000004,4.4675,6.047000000000001,Very High Spread (Reduce Exposure),0.1,-0.056051780350631075,1.7968142657106776,1.3570727454403957,-16.639317675501896,-2.877991662559498
2001-06-30,8.16,1.55,6.61,78.47566986083984,3.97,-2.3829613904527647,Rate Decrease,decrease,-0.23999999999999977,2.335,3.74,4.5200000000000005,6.122,Very High Spread (Reduce Exposure),0.1,-0.23829613904527647,1.7539968755006448,1.3538388934839753,-18.625770550112662,-3.1094296585908565
2001-07-31,8.27,1.5,6.77,77.6755599975586,3.77,-1.0195642352592516,Rate Decrease,decrease,-0.20000000000000018,2.3425000000000002,3.765,4.585,6.27,Very High Spread (Reduce Exposure),0.1,-0.10195642352592516,1.7361137506704754,1.352458567767876,-19.455433090301522,-3.2082158188448395
2001-08-31,8.05,1.53,6.5200000000000005,73.06684112548828,3.65,-5.933293396552486,Rate Decrease,decrease,-0.1200000000000001,2.35,3.79,4.63,6.418,Very High Spread (Reduce Exposure),0.1,-0.5933293396552486,1.6331050281453043,1.344434034278628,-24.23437856003646,-3.7825098727674145
2001-09-30,10.18,1.85,8.33,67.1023941040039,3.07,-8.163001068077879,Rate Decrease,decrease,-0.5800000000000001,2.37,3.825,4.6899999999999995,6.457000000000001,Very High Spread (Reduce Exposure),0.1,-0.816300106807788,1.4997946472549697,1.3334594178208514,-30.419127047416527,-4.567933347443787
2001-10-31,9.61,1.93,7.68,67.97621154785156,2.49,1.3022150036752889,Rate Decrease,decrease,-0.5799999999999996,2.39,3.86,4.875,6.538,Very High Spread (Reduce Exposure),0.1,0.1302215003675289,1.5193251981758429,1.3351958686815297,-29.513034480139734,-4.443660278417094
2001-11-30,8.39,1.71,6.680000000000001,73.27678680419922,2.09,7.797691480079516,Rate Decrease,decrease,-0.40000000000000036,2.41,3.895,5.057499999999999,6.617000000000001,Very High Spread (Reduce Exposure),0.1,0.7797691480079516,1.6377974897087018,1.345607314130985,-24.016678375231002,-3.698541422302526
2001-12-31,8.24,1.65,6.59,73.69000244140625,1.82,0.563910694270997,Rate Decrease,decrease,-0.2699999999999998,2.41,3.9450000000000003,5.305,6.617000000000001,High Spread (Caution),0.25,0.14097767356774926,1.647033204903671,1.3475043200178045,-23.5882002987266,-3.5627778663878673
2002-01-31,7.89,1.71,6.18,72.96795654296875,1.73,-0.979842413510068,Rate Decrease,decrease,-0.09000000000000008,2.4400000000000004,4.04,5.8925,6.617000000000001,High Spread (Caution),0.25,-0.244960603377517,1.6308948749974308,1.3442034653049508,-24.336915521126045,-3.7990110676068722
2002-02-28,8.19,1.81,6.379999999999999,71.65914916992188,1.74,-1.7936741482902252,No Change,none,0.010000000000000009,2.5375,4.12,5.952500000000001,6.617000000000001,High Spread (Caution),0.25,-0.4484185370725563,1.6016419352388116,1.3381758077905517,-25.694064707222598,-4.230394134826854
2002-03-31,7.08,1.71,5.37,74.0433120727539,1.73,3.32708793008214,No Change,none,-0.010000000000000009,2.605,4.165000000000001,5.952500000000001,6.617000000000001,Moderate-High Spread,0.5,1.66354396504107,1.6549299707492762,1.360436950682691,-23.221840902761958,-2.6372246361131446
2002-04-30,6.88,1.88,5.0,69.73729705810547,1.75,-5.815535386122939,No Change,none,0.020000000000000018,3.2425,4.24,5.952500000000001,6.617000000000001,Moderate-High Spread,0.5,-2.9077676930614693,1.558686932684798,1.320878604546269,-27.686901913875595,-5.4683079632122595
2002-05-31,7.28,1.62,5.66,69.32347106933594,1.75,-0.593406980521094,No Change,none,0.0,3.5625,4.27,5.952500000000001,6.617000000000001,Moderate-High Spread,0.5,-0.296703490260547,1.5494375756217764,1.3169595116244754,-28.11601288574972,-5.748786792887762
2002-06-30,8.75,1.87,6.88,64.20689392089844,1.75,-7.38072844523322,No Change,none,0.0,3.615,4.33,6.115,6.689000000000001,Very High Spread (Reduce Exposure),0.1,-0.738072844523322,1.435077795736728,1.3072393910958082,-33.42157477025898,-6.4444294032032445
2002-07-31,9.71,2.27,7.440000000000001,59.14613342285156,1.73,-7.881958134093248,No Change,none,-0.020000000000000018,3.6425,4.415000000000001,6.1425,6.781,Very High Spread (Reduce Exposure),0.1,-0.7881958134093248,1.321965564685091,1.2969357849439536,-38.669258373205736,-7.181830493858399
2002-08-31,9.61,2.22,7.389999999999999,59.54839706420898,1.74,0.680118239482419,No Change,none,0.010000000000000009,3.6575,4.45,6.2299999999999995,6.899,Very High Spread (Reduce Exposure),0.1,0.0680118239482419,1.330956493610191,1.2978178546267314,-38.25213681299208,-7.118703163821893
2002-09-30,10.33,2.37,7.96,53.30458831787109,1.75,-10.485267537269571,No Change,none,0.010000000000000009,3.6825,4.465,6.387499999999999,7.077000000000001,Very High Spread (Reduce Exposure),0.1,-1.0485267537269571,1.1914021444505003,1.284209887206325,-44.726565466697046,-8.09258841035776
2002-10-31,10.59,2.46,8.129999999999999,57.69073486328125,1.75,8.228459657645715,No Change,none,0.0,3.7125000000000004,4.5200000000000005,6.415,7.165000000000001,Very High Spread (Reduce Exposure),0.1,0.8228459657645715,1.2894361892669357,1.294776956455152,-40.17841320472899,-7.3363319818537605
2002-11-30,8.83,1.98,6.85,61.24911880493164,1.34,6.168033654075034,Rate Decrease,decrease,-0.4099999999999999,3.7350000000000003,4.6,6.452500000000001,7.165000000000001,High Spread (Caution),0.25,1.5420084135187584,1.368969047368743,1.3147425260599923,-36.48859759879497,-5.907450424738869
2002-12-31,8.9,1.88,7.0200000000000005,57.784271240234375,1.24,-5.656975369282025,Rate Decrease,decrease,-0.10000000000000009,3.7775,4.67,6.5375000000000005,7.165000000000001,High Spread (Caution),0.25,-1.4142438423205062,1.2915268055459985,1.2961488608428198,-40.08142198931672,-7.238148513189369
2003-01-31,8.29,1.74,6.549999999999999,56.363094329833984,1.24,-2.459452857840738,No Change,none,0.0,3.8425,4.855,6.559999999999999,7.165000000000001,Moderate-High Spread,0.5,-1.229726428920369,1.2597623126172182,1.2802097757428854,-41.55509116857801,-8.37886551687853
2003-02-28,8.38,1.66,6.720000000000001,55.6033821105957,1.26,-1.3478894802909205,No Change,none,0.020000000000000018,3.9125,5.02,6.595,7.165000000000001,High Spread (Caution),0.25,-0.3369723700727301,1.2427821089287812,1.275895822519662,-42.34286394648237,-8.687603425233824
2003-03-31,7.72,1.58,6.14,55.72235107421875,1.25,0.213959941117281,No Change,none,-0.010000000000000009,3.9525,5.074999999999999,6.595,7.165000000000001,Moderate-High Spread,0.5,0.1069799705586405,1.2454411647972612,1.2772607754949523,-42.21950077213235,-8.589917450261753
2003-04-30,6.44,1.34,5.1000000000000005,60.437110900878906,1.26,8.461164569995239,No Change,none,0.010000000000000009,4.08,5.105,6.595,7.165000000000001,Moderate-Low Spread,0.75,6.345873427496429,1.350819991373223,1.3583141276469213,-37.33059764309764,-2.7891493116853683
2003-05-31,6.79,1.32,5.47,63.75126647949219,1.26,5.483643293354512,No Change,none,0.0,4.12,5.24,6.595,7.165000000000001,Moderate-High Spread,0.5,2.741821646677256,1.4248941412354528,1.3955566784286197,-33.89403116376801,-0.12380116459406176
2003-06-30,6.13,1.23,4.9,64.43030548095703,1.22,1.0651380575839695,No Change,none,-0.040000000000000036,4.187500000000001,5.24,6.595,7.165000000000001,Moderate-Low Spread,0.75,0.7988535431879771,1.4400712310140358,1.4067051324014432,-33.189911331358715,0.0
2003-07-31,5.67,1.19,4.48,65.5918197631836,1.01,1.8027452664644892,Rate Decrease,decrease,-0.20999999999999996,4.255,5.24,6.595,7.165000000000001,Moderate-Low Spread,0.75,1.3520589498483668,1.4660320469648582,1.425724615042053,-31.985495620364045,0.0
2003-08-31,5.46,1.18,4.28,66.9447021484375,1.03,2.062577910078467,No Change,none,0.020000000000000018,4.27,5.24,6.595,7.165000000000001,Moderate-Low Spread,0.75,1.5469334325588502,1.4962701001202265,1.4477796257683595,-30.582643477380323,0.0
2003-09-30,5.51,1.13,4.38,66.21458435058594,1.01,-1.0906281967356546,No Change,none,-0.020000000000000018,4.27,5.24,6.595,7.165000000000001,Moderate-Low Spread,0.75,-0.8179711475517409,1.4799513565089906,1.4359372061494418,-31.33972874104454,-0.8179711475517437
2003-10-31,4.73,1.05,3.6800000000000006,69.75885772705078,1.01,5.35270803437955,No Change,none,0.0,4.255,5.24,6.595,7.165000000000001,Low Spread (Buy),1.0,5.35270803437955,1.5591688316737564,1.512798732351648,-27.664544884939634,0.0
2003-11-30,4.48,1.01,3.4700000000000006,70.5207290649414,1.0,1.0921499616172614,No Change,none,-0.010000000000000009,4.2325,5.24,6.595,7.165000000000001,Low Spread (Buy),1.0,1.0921499616172614,1.5761972934704296,1.529320763126373,-26.87453323966483,0.0
2003-12-31,4.18,0.95,3.2299999999999995,74.06883239746094,0.98,5.031291337405408,No Change,none,-0.020000000000000018,4.12,5.24,6.595,7.165000000000001,Low Spread (Buy),1.0,5.031291337405408,1.6555003713572258,1.6062653462026926,-23.195377965114815,0.0
2004-01-31,4.05,0.93,3.12,75.53315734863281,1.0,1.9769785802942863,No Change,none,0.020000000000000018,4.08,5.24,6.595,7.165000000000001,Low Spread (Buy),1.0,1.9769785802942863,1.6882292590956505,1.6380208680398096,-21.67696703880916,0.0
2004-02-29,4.34,0.96,3.38,76.55817413330078,1.01,1.3570421529407015,No Change,none,0.010000000000000009,3.935,5.24,6.595,7.165000000000001,Low Spread (Buy),1.0,1.3570421529407015,1.711139241779857,1.660249501693075,-20.614090466064148,0.0
2004-03-31,4.41,0.96,3.45,75.54412841796875,1.0,-1.3245427112282049,No Change,none,-0.010000000000000009,3.8425,5.24,6.595,7.165000000000001,Low Spread (Buy),1.0,-1.3245427112282049,1.6884744716738964,1.6382587879301966,-21.66559074453811,-1.324542711228216
2004-04-30,3.91,0.91,3.0,74.11471557617188,1.0,-1.8921561102515527,No Change,none,0.0,3.8425,5.24,6.595,7.165000000000001,Low Spread (Buy),1.0,-1.8921561102515527,1.656525898788081,1.6072603741726423,-23.147800055694802,-3.1916364056363666
2004-05-31,4.28,0.98,3.3000000000000003,75.38379669189453,1.0,1.712320024244507,No Change,none,0.0,3.8425,5.24,6.595,7.165000000000001,Low Spread (Buy),1.0,1.712320024244507,1.6848909234598257,1.6347818154013476,-21.831844446976035,-1.533967410666659
2004-06-30,4.1,0.99,3.1099999999999994,76.77851104736328,1.03,1.850151380898435,No Change,none,0.030000000000000027,3.8425,5.24,6.595,7.165000000000001,Low Spread (Buy),1.0,1.850151380898435,1.71606395614685,1.6650277537336722,-20.38561523758893,0.0
2004-07-31,4.02,0.96,3.06,74.3048095703125,1.26,-3.221866956399821,Rate Increase,increase,0.22999999999999998,3.8425,5.24,6.595,7.165000000000001,Low Spread (Buy),1.0,-3.221866956399821,1.6607746585930672,1.6113827747212408,-22.950684792790057,-3.2218669563998215
2004-08-31,4.06,0.95,3.1099999999999994,74.4858169555664,1.43,0.243601169696328,Rate Increase,increase,0.16999999999999993,3.8425,5.24,6.595,7.165000000000001,Low Spread (Buy),1.0,0.243601169696328,1.66482032508742,1.6153081220087468,-22.762991759702288,-2.98611429229535
2004-09-30,3.83,0.92,2.91,75.23344421386719,1.61,1.0037176053889096,Rate Increase,increase,0.18000000000000016,3.7775,5.24,6.595,7.165000000000001,Low Spread (Buy),1.0,1.0037176053889096,1.6815304197884153,1.6315212540106256,-21.987750310118738,-2.012368841775236
2004-10-31,3.63,0.91,2.72,76.20279693603516,1.76,1.28845984960142,Rate Increase,increase,0.1499999999999999,3.7250000000000005,5.24,6.595,7.165000000000001,Low Spread (Buy),1.0,1.28845984960142,1.7031962641062233,1.6525427503062662,-20.982593795093806,-0.7498375567259741
2004-11-30,3.17,0.86,2.31,79.59516143798828,1.93,4.45175851589894,Rate Increase,increase,0.16999999999999993,3.6725000000000003,5.24,6.595,7.165000000000001,Low Spread (Buy),1.0,4.45175851589894,1.7790184488360448,1.726109962921896,-17.46492968532444,0.0
2004-12-31,3.1,0.83,2.27,81.99266815185547,2.16,3.0121262028409257,Rate Increase,increase,0.2300000000000002,3.6725000000000003,5.24,6.595,7.165000000000001,Low Spread (Buy),1.0,3.0121262028409257,1.8326047296868095,1.778102573404914,-14.978869205842905,0.0
2005-01-31,3.29,0.85,2.44,80.154296875,2.28,-2.242116665176319,Rate Increase,increase,0.11999999999999966,3.6275000000000004,5.24,6.595,7.165000000000001,Low Spread (Buy),1.0,-2.242116665176319,1.7915155936356921,1.7382354392826735,-16.88514214830006,-2.242116665176319
2005-02-28,2.83,0.81,2.02,81.82984924316406,2.5,2.0904086661468257,Rate Increase,increase,0.2200000000000002,3.4650000000000007,5.24,6.595,7.165000000000001,Low Spread (Buy),1.0,2.0904086661468257,1.8289655908604243,1.7745716635434738,-15.147701956912506,-0.19857740010346125
2005-03-31,3.52,0.93,2.59,80.33296966552734,2.63,-1.8292586280937884,Rate Increase,increase,0.1299999999999999,3.4325,5.24,6.595,7.165000000000001,Low Spread (Buy),1.0,-1.8292586280937884,1.7955090799847435,1.7421101582763974,-16.699869940001545,-2.024203533972413
2005-04-30,4.19,1.02,3.1700000000000004,78.82791137695312,2.79,-1.8735250232135623,Rate Increase,increase,0.16000000000000014,3.36,5.24,6.595,7.165000000000001,Low Spread (Buy),1.0,-1.8735250232135623,1.7618697680771578,1.7094712885291437,-18.26051872104506,-3.859804597456229
2005-05-31,4.13,0.97,3.16,81.36809539794922,3.0,3.2224423768492327,Rate Increase,increase,0.20999999999999996,3.2825,5.24,6.595,7.165000000000001,Low Spread (Buy),1.0,3.2224423768492327,1.8186450061085715,1.7645580157507774,-15.626511037695256,-0.7617421996189977
2005-06-30,3.85,0.95,2.9000000000000004,81.49137115478516,3.04,0.1515038003937929,No Change,none,0.040000000000000036,3.215,5.24,6.595,7.165000000000001,Low Spread (Buy),1.0,0.1515038003937929,1.8214003224084978,1.7672313882047932,-15.498681995392538,-0.6113924676068305
2005-07-31,3.3,0.88,2.42,84.60936737060547,3.26,3.826167325001784,Rate Increase,increase,0.21999999999999975,3.1675000000000004,5.24,6.595,7.165000000000001,Low Spread (Buy),1.0,3.826167325001784,1.891090146401969,1.8348486181374604,-12.265520176704392,0.0
2005-08-31,3.66,0.88,2.78,83.81616973876953,3.5,-0.9374820501394154,Rate Increase,increase,0.2400000000000002,3.1500000000000004,5.24,6.595,7.165000000000001,Low Spread (Buy),1.0,-0.9374820501394154,1.8733615157274952,1.8176472416951905,-13.08801517683098,-0.9374820501394154
2005-09-30,3.54,0.89,2.65,84.48881530761719,3.62,0.8025248242005123,Rate Increase,increase,0.1200000000000001,3.1174999999999997,5.235,6.595,7.165000000000001,Low Spread (Buy),1.0,0.8025248242005123,1.8883957069382273,1.8322343120261904,-12.390524923419665,-0.14248075211369393
2005-10-31,3.61,0.92,2.69,82.4906005859375,3.78,-2.3650641974376607,Rate Increase,increase,0.1599999999999997,3.1099999999999994,5.050000000000001,6.595,7.165000000000001,Low Spread (Buy),1.0,-2.3650641974376607,1.8437339361674816,1.7889007942992907,-14.462545252018932,-2.504175188294877
2005-11-30,3.67,0.97,2.7,86.11624145507812,4.0,4.395216962159809,Rate Increase,increase,0.2200000000000002,3.0974999999999997,4.95,6.559999999999999,7.165000000000001,Low Spread (Buy),1.0,4.395216962159809,1.9247700428670114,1.8675268654465447,-10.702988531935908,0.0
2005-12-31,3.71,0.92,2.79,85.95146942138672,4.16,-0.1913367686597888,Rate Increase,increase,0.16000000000000014,3.045,4.69,6.5275,7.057,Low Spread (Buy),1.0,-0.1913367686597888,1.921087250062858,1.8639535998883459,-10.87384654818866,-0.19133676865978888
2006-01-31,3.42,0.9,2.52,88.01553344726562,4.29,2.401429597159765,Rate Increase,increase,0.1299999999999999,2.9775,4.43,6.5275,7.057,Low Spread (Buy),1.0,2.401429597159765,1.9672208078731301,1.9087151333133896,-8.733544720386831,0.0
2006-02-28,3.37,0.9,2.47,88.51947784423828,4.49,0.5725630206792953,Rate Increase,increase,0.20000000000000018,2.9075,4.33,6.5275,7.057,Low Spread (Buy),1.0,0.5725630206792953,1.9784843867541202,1.9196437303368517,-8.210986747170956,0.0
2006-03-31,3.13,0.9,2.23,89.9803695678711,4.59,1.650361885554097,Rate Increase,increase,0.09999999999999964,2.8725000000000005,3.9800000000000004,6.5275,7.057,Low Spread (Buy),1.0,1.650361885554097,2.011136538984749,1.9513247988007598,-6.6961358573200735,0.0
2006-04-30,3.04,0.89,2.15,91.1169891357422,4.79,1.263186151968121,Rate Increase,increase,0.20000000000000018,2.7875,3.5750000000000006,6.5275,7.057,Low Spread (Buy),1.0,1.263186151968121,2.0365409372423753,1.9759736634391307,-5.517534366218591,0.0
2006-05-31,3.12,0.92,2.2,88.3724365234375,4.94,-3.0121195161705416,Rate Increase,increase,0.15000000000000036,2.7649999999999997,3.4600000000000004,6.5275,7.057,Low Spread (Buy),1.0,-3.0121195161705416,1.9751978902168952,1.9164549750882907,-8.36345915293284,-3.0121195161705416
2006-06-30,3.35,0.97,2.38,88.6029281616211,4.99,0.2608184715179318,No Change,none,0.04999999999999982,2.7150000000000003,3.415,6.414999999999999,7.057,Low Spread (Buy),1.0,0.2608184715179318,1.9803495711636134,1.9214534436616453,-8.124454127743608,-2.7591572087349747
2006-07-31,3.45,0.98,2.47,88.999755859375,5.24,0.4478719902236694,Rate Increase,increase,0.25,2.6975000000000002,3.34,6.2299999999999995,7.057,Low Spread (Buy),1.0,0.4478719902236694,1.9892190022013698,1.930059095440994,-7.7129692919166715,-2.3236427108154656
2006-08-31,3.49,0.97,2.5200000000000005,90.9419403076172,5.25,2.182235703332669,No Change,none,0.009999999999999787,2.6799999999999997,3.2649999999999997,6.1499999999999995,7.057,Low Spread (Buy),1.0,2.182235703332669,2.032628449484886,1.9721775341171268,-5.699048758259295,-0.19211436833610485
2006-09-30,3.44,0.98,2.46,93.39752960205078,5.25,2.700172534396561,No Change,none,0.0,2.635,3.2,5.78,6.894,Low Spread (Buy),1.0,2.700172534396561,2.0875129246042077,2.0254297302228967,-3.152760373155117,0.0
2006-10-31,3.29,0.95,2.34,96.34110260009766,5.25,3.151660446040583,No Change,none,0.0,2.5725,3.165,5.5175,6.853,Low Spread (Buy),1.0,3.151660446040583,2.1533042437549437,2.0892643978926784,-0.10046422875369387,0.0
2006-11-30,3.2,0.94,2.26,98.25686645507812,5.25,1.9885218284584336,No Change,none,0.0,2.5200000000000005,3.14,5.395,6.853,Low Spread (Buy),1.0,1.9885218284584336,2.1961231686751326,2.130809876498985,0.0,0.0
2006-12-31,2.89,0.91,1.98,99.57070922851562,5.24,1.3371511028577032,No Change,none,-0.009999999999999787,2.5075000000000003,3.1149999999999998,5.1675,6.853,Low Spread (Buy),1.0,1.3371511028577032,2.2254886538451855,2.1593020242623924,0.0,0.0
2007-01-31,2.72,0.89,1.83,101.06822204589844,5.25,1.5039692184435571,No Change,none,0.009999999999999787,2.47,3.1099999999999994,5.025,6.853,Low Spread (Buy),1.0,1.5039692184435571,2.258959318158971,2.1917772620405276,0.0,0.0
2007-02-28,2.82,0.9,1.92,99.0855484008789,5.26,-1.9617181393763228,No Change,none,0.009999999999999787,2.4675000000000002,3.085,4.925000000000001,6.853,Low Spread (Buy),1.0,-1.9617181393763228,2.214644903453515,2.148780769916353,-1.9617181393763228,-1.9617181393763228
2007-03-31,2.85,0.95,1.9,100.2338409423828,5.26,1.1588900299145166,No Change,none,0.0,2.455,3.0300000000000002,4.585000000000001,6.853,Low Spread (Buy),1.0,1.1588900299145166,2.2403102024376476,2.1736827760236337,-0.8255622653940642,-0.8255622653940753
2007-04-30,2.74,0.94,1.8000000000000005,104.6738052368164,5.25,4.429606061874658,No Change,none,-0.009999999999999787,2.435,2.955,4.405,6.853,Low Spread (Buy),1.0,4.429606061874658,2.339547118969622,2.269968360036302,0.0,0.0
2007-05-31,2.46,0.94,1.52,108.22429656982422,5.25,3.3919578303044373,No Change,none,0.0,2.41,2.9050000000000002,4.305,6.853,Low Spread (Buy),1.0,3.3919578303044373,2.418903570665174,2.3469647295699865,0.0,0.0
2007-06-30,2.98,1.0,1.98,106.6419906616211,5.25,-1.4620616241956874,No Change,none,0.0,2.37,2.845,3.8300000000000005,6.7330000000000005,Low Spread (Buy),1.0,-1.4620616241956874,2.3835377098321793,2.3126506589255356,-1.4620616241956874,-1.4620616241956874
2007-07-31,4.19,1.29,2.9000000000000004,103.30303192138672,5.26,-3.13099813639921,No Change,none,0.009999999999999787,2.37,2.845,3.522500000000001,6.566999999999999,Moderate-High Spread,0.5,-1.565499068199605,2.3089091885569615,2.276446134409344,-4.547282638388317,-3.004672131292019
2007-08-31,4.55,1.45,3.1,104.62867736816406,5.02,1.2832589926171425,Rate Decrease,decrease,-0.2400000000000002,2.37,2.845,3.455,6.181,Moderate-High Spread,0.5,0.6416294963085712,2.338538473350482,2.2910524842752906,-3.3223770591480073,-2.382321497645179
2007-09-30,4.2,1.49,2.71,108.67926025390624,4.94,3.871388789030683,Rate Decrease,decrease,-0.07999999999999918,2.37,2.785,3.3975,5.537000000000001,Moderate-Low Spread,0.75,2.9035415917730125,2.429072389634942,2.3575741460455726,0.0,0.0
2007-10-31,4.36,1.5,2.8600000000000003,110.1536865234375,4.76,1.356676762508835,Rate Decrease,decrease,-0.1800000000000006,2.37,2.785,3.3200000000000003,5.137000000000001,Moderate-High Spread,0.5,0.6783383812544175,2.4620270502896378,2.3735664763447306,0.0,0.0
2007-11-30,5.75,1.96,3.79,105.8872299194336,4.49,-3.873185490797104,Rate Decrease,decrease,-0.2699999999999996,2.37,2.785,3.3200000000000003,4.920000000000001,High Spread (Caution),0.25,-0.968296372699276,2.3666681757983197,2.3505833182506786,-3.873185490797104,-0.9682963726992733
2007-12-31,5.92,2.03,3.89,104.69480895996094,4.24,-1.126123480971153,Rate Decrease,decrease,-0.25,2.37,2.785,3.3200000000000003,4.522000000000001,High Spread (Caution),0.25,-0.2815308702427882,2.340016569753983,2.3439657005790258,-4.955692120494826,-1.247101189737465
2008-01-31,6.95,2.3,4.65,98.36483764648438,3.94,-6.046117640748905,Rate Decrease,decrease,-0.30000000000000027,2.37,2.785,3.3200000000000003,4.497000000000001,Very High Spread (Reduce Exposure),0.1,-0.6046117640748906,2.19853641513364,2.3297938082074445,-10.702182785725277,-1.8441728333092877
2008-02-29,7.67,2.52,5.15,95.8228759765625,2.98,-2.584217826961188,Rate Decrease,decrease,-0.96,2.37,2.785,3.3200000000000003,4.497000000000001,Very High Spread (Reduce Exposure),0.1,-0.2584217826961188,2.141721445161523,2.323773113515131,-13.009832897263784,-2.0978288716935634
2008-03-31,8.21,3.0,5.210000000000001,94.96599578857422,2.61,-0.8942334273058794,Rate Decrease,decrease,-0.3700000000000001,2.37,2.785,3.3200000000000003,4.497000000000001,Very High Spread (Reduce Exposure),0.1,-0.08942334273058794,2.1225694560791104,2.321695117919551,-13.787728049965697,-2.1853762657223275
2008-04-30,6.86,2.6,4.26,99.49232482910156,2.28,4.766262916470065,Rate Decrease,decrease,-0.33000000000000007,2.37,2.785,3.3200000000000003,4.39,High Spread (Caution),0.25,1.1915657291175163,2.2237366969405294,2.3493596412792748,-9.678624502564881,-1.0198507312394356
2008-05-31,6.53,2.48,4.050000000000001,100.99630737304688,1.98,1.5116568504442096,Rate Decrease,decrease,-0.2999999999999998,2.37,2.785,3.3200000000000003,4.29,High Spread (Caution),0.25,0.3779142126110524,2.2573519650556726,2.3582382052690174,-8.313275242442476,-0.6457906794891444
2008-06-30,7.35,2.74,4.609999999999999,92.55540466308594,2.0,-8.357634976477947,No Change,none,0.020000000000000018,2.37,2.785,3.3200000000000003,4.29,Very High Spread (Reduce Exposure),0.1,-0.8357634976477947,2.0686907276819673,2.3385289111617946,-15.976117019567171,-1.4761568943665537
2008-07-31,8.0,3.0,5.0,91.72373962402344,2.01,-0.8985591301662765,No Change,none,0.009999999999999787,2.37,2.785,3.3200000000000003,4.29,Very High Spread (Reduce Exposure),0.1,-0.08985591301662765,2.0501023182734777,2.3364276046575125,-16.731121291608087,-1.5646863931281785
2008-08-31,8.36,3.17,5.19,93.14118957519533,2.0,1.545346882913856,No Change,none,-0.009999999999999787,2.37,2.785,3.3200000000000003,4.4030000000000005,Very High Spread (Reduce Exposure),0.1,0.1545346882913856,2.0817835105454616,2.340038195773524,-15.444328270050633,-1.4125696880771588
2008-09-30,10.96,4.55,6.410000000000001,84.36976623535156,1.81,-9.41734089917582,Rate Decrease,decrease,-0.18999999999999995,2.37,2.785,3.3200000000000003,4.614,Very High Spread (Reduce Exposure),0.1,-0.941734089917582,1.8857348605745656,2.3180012583668326,-23.407224126448,-2.341001127698261
2008-10-31,16.17,6.06,10.110000000000005,70.43304443359375,0.97,-16.518620856292266,Rate Decrease,decrease,-0.8400000000000001,2.37,2.785,3.3200000000000003,4.6850000000000005,Very High Spread (Reduce Exposure),0.1,-1.6518620856292268,1.5742374686013216,2.2797110744354625,-36.05929437630975,-3.9541931032748834
2008-11-30,19.88,6.41,13.47,65.53042602539062,0.39,-6.960679390801361,Rate Decrease,decrease,-0.58,2.37,2.785,3.3200000000000003,5.015000000000001,Very High Spread (Reduce Exposure),0.1,-0.6960679390801361,1.4646598455621165,2.263842736542658,-40.51000189499092,-4.6227371719138155
2008-12-31,18.12,6.04,12.080000000000002,66.17240142822266,0.16,0.979660047659836,Rate Decrease,decrease,-0.23,2.37,2.785,3.3975,5.154000000000001,Very High Spread (Reduce Exposure),0.1,0.0979660047659836,1.4790085329032048,2.2660605328258336,-39.92720215120256,-4.529299878065984
2009-01-31,16.26,5.31,10.950000000000005,60.7386474609375,0.15,-8.211510916947995,No Change,none,-0.010000000000000009,2.37,2.785,3.535,5.192,Very High Spread (Reduce Exposure),0.1,-0.8211510916947996,1.3575595857612657,2.247452752022069,-44.86008650467266,-5.3132585743659195
2009-02-28,17.38,5.48,11.9,54.21236038208008,0.22,-10.744867315418304,Rate Increase,increase,0.07,2.37,2.785,3.815,5.330000000000003,Very High Spread (Reduce Exposure),0.1,-1.0744867315418305,1.2116916095434753,2.22330417040392,-50.78479704758201,-6.330655047513689
2009-03-31,17.03,5.86,11.170000000000002,58.72882843017578,0.18,8.331066967504007,No Change,none,-0.04000000000000001,2.37,2.785,3.93,6.7800000000000065,Very High Spread (Reduce Exposure),0.1,0.8331066967504008,1.3126384489741694,2.2418266663366864,-46.684645531423065,-5.550289461912284
2009-04-30,13.45,4.87,8.579999999999998,64.56332397460938,0.15,9.934636362396333,No Change,none,-0.03,2.37,2.785,4.102500000000001,8.733,High Spread (Caution),0.25,2.483659090599083,1.4430443056327524,2.297505998130632,-41.38795893964732,-3.204480640088536
2009-05-31,11.7,3.87,7.829999999999999,68.33722686767578,0.18,5.845273540362572,No Change,none,0.03,2.37,2.785,4.3475,8.733,High Spread (Caution),0.25,1.461318385090643,1.5273941926056125,2.331079875679875,-37.961924812080085,-1.7899899197381774
2009-06-30,10.55,3.31,7.24,68.29251861572266,0.21,-0.0654229824685437,No Change,none,0.03,2.37,2.785,4.619999999999999,8.733,High Spread (Caution),0.25,-0.016355745617135924,1.5263949257707585,2.330698610185277,-38.00251197113409,-1.806052899157462
2009-07-31,9.22,2.73,6.49,73.38749694824219,0.16,7.460521936800468,No Change,none,-0.04999999999999999,2.37,2.785,4.737500000000001,8.733,High Spread (Caution),0.25,1.865130484200117,1.6402719540500952,2.374169180458671,-33.37717577647531,0.0
2009-08-31,9.12,2.53,6.59,76.09841918945312,0.16,3.6939837900764823,No Change,none,0.0,2.37,2.785,5.0375,8.733,High Spread (Caution),0.25,0.9234959475191206,1.7008633341458765,2.3960945366274546,-30.916139449167158,0.0
2009-09-30,7.93,2.35,5.58,78.79666137695312,0.15,3.54572698912774,No Change,none,-0.010000000000000009,2.37,2.785,5.16,8.733,High Spread (Caution),0.25,0.886431747281935,1.7611713044328647,2.4173342792950083,-28.46661436048491,0.0
2009-10-31,7.6,2.18,5.42,77.28176879882812,0.12,-1.9225339648312636,No Change,none,-0.03,2.37,2.825,5.195,8.733,High Spread (Caution),0.25,-0.4806334912078159,1.7273121879262812,2.405715761154269,-29.841867995598314,-0.48063349120782695
2009-11-30,7.65,2.21,5.44,82.04286193847656,0.12,6.160693800942907,No Change,none,0.0,2.41,2.8800000000000003,5.262500000000001,8.733,High Spread (Caution),0.25,1.5401734502357267,1.8337266028107868,2.442767956595704,-25.519640306345803,0.0
2009-12-31,6.39,1.9,4.49,83.60993194580078,0.12,1.9100625822869863,No Change,none,0.0,2.435,2.9000000000000004,5.262500000000001,8.733,Moderate-High Spread,0.5,0.9550312911434932,1.868751928512518,2.4660971549512194,-24.097018824684547,0.0
2010-01-31,6.54,1.81,4.73,80.57136535644531,0.11,-3.63421727376263,No Change,none,-0.009999999999999995,2.45,3.0,5.262500000000001,8.733,Moderate-High Spread,0.5,-1.817108636881315,1.8008374231227438,2.4212854905547165,-26.855498077858662,-1.817108636881315
2010-02-28,6.71,1.85,4.859999999999999,83.08476257324219,0.13,3.1194670782574985,No Change,none,0.020000000000000004,2.4675000000000002,3.13,5.262500000000001,8.733,Moderate-High Spread,0.5,1.5597335391287492,1.8570139536699983,2.4590510924289566,-24.573779420842044,-0.28571715060440317
2010-03-31,5.84,1.61,4.23,88.1429214477539,0.16,6.0879500859772895,No Change,none,0.03,2.4675000000000002,3.165,5.262500000000001,8.733,Moderate-High Spread,0.5,3.0439750429886447,1.9700680362590612,2.5339039939768337,-19.98186876024378,0.0
2010-04-30,5.61,1.55,4.0600000000000005,89.50652313232422,0.2,1.547034818194204,No Change,none,0.04000000000000001,2.4675000000000002,3.475,5.262500000000001,8.733,Moderate-High Spread,0.5,0.773517409097102,2.0005456747221038,2.5535041825000513,-18.743960409096417,0.0
2010-05-31,6.98,2.02,4.960000000000001,82.39480590820312,0.2,-7.945473665206848,No Change,none,0.0,2.4675000000000002,3.84,5.262500000000001,8.733,Moderate-High Spread,0.5,-3.972736832603424,1.8415928449766243,2.452060181319803,-25.200137636181708,-3.9727368326034185
2010-06-30,7.13,2.09,5.04,78.13164520263672,0.18,-5.174064868016115,No Change,none,-0.020000000000000018,2.4675000000000002,3.9700000000000006,5.262500000000001,8.733,Moderate-High Spread,0.5,-2.5870324340080577,1.7463076365727903,2.3886245891276627,-29.07033103607244,-6.456993276234247
2010-07-31,6.59,1.89,4.7,83.46807098388672,0.18,6.830044046058181,No Change,none,0.0,2.47,4.055000000000001,5.262500000000001,8.733,Moderate-High Spread,0.5,3.4150220230290906,1.8655812173303896,2.47019664489386,-24.225803404112924,-3.262478995614082
2010-08-31,6.92,1.95,4.97,79.71363830566406,0.19,-4.498046539193934,No Change,none,0.010000000000000009,2.47,4.1450000000000005,5.262500000000001,8.733,Moderate-High Spread,0.5,-2.249023269596967,1.781666505948408,2.4146413475453934,-27.63416203169623,-5.43812835343398
2010-09-30,6.26,1.84,4.42,86.85235595703125,0.19,8.955453298961945,No Change,none,0.0,2.47,4.245,5.262500000000001,8.733,Moderate-High Spread,0.5,4.477726649480973,1.9412228178318647,2.52276238665382,-21.153473208042318,-1.2039062264677103
2010-10-31,5.93,1.77,4.16,90.17030334472656,0.19,3.820215757114065,No Change,none,0.0,2.47,4.245,5.262500000000001,8.733,Moderate-Low Spread,0.75,2.8651618178355487,2.015381717799371,2.5950436113109423,-18.141365767598792,0.0
2010-11-30,6.22,1.82,4.4,90.17030334472656,0.19,0.0,No Change,none,0.0,2.47,4.33,5.262500000000001,8.733,Moderate-High Spread,0.5,0.0,2.015381717799371,2.5950436113109423,-18.141365767598792,0.0
2010-12-31,5.41,1.66,3.75,96.1983871459961,0.18,6.685220718648144,No Change,none,-0.010000000000000009,2.47,4.33,5.262500000000001,8.733,Moderate-Low Spread,0.75,5.013915538986108,2.1501144339575418,2.725156906181928,-12.6689353918919,0.0
2011-01-31,5.08,1.62,3.46,98.43982696533205,0.17,2.330018086409491,No Change,none,-0.009999999999999981,2.47,4.33,5.262500000000001,8.733,Moderate-Low Spread,0.75,1.7475135648071183,2.2002124891472534,2.772779392779735,-10.634105791469029,0.0
2011-02-28,4.78,1.51,3.2700000000000005,101.85935974121094,0.16,3.473728958385092,No Change,none,-0.010000000000000009,2.5075000000000003,4.33,5.262500000000001,8.733,Moderate-Low Spread,0.75,2.605296718788819,2.276641907528767,2.845018523319078,-7.529776845427505,0.0
2011-03-31,4.77,1.5,3.27,101.87158966064452,0.14,0.0120066722043565,No Change,none,-0.01999999999999999,2.6625,4.33,5.262500000000001,8.733,Moderate-Low Spread,0.75,0.009005004153267375,2.276915256459871,2.845274717355264,-7.518674248846691,0.0
2011-04-30,4.76,1.47,3.29,104.82191467285156,0.1,2.8961215016229502,No Change,none,-0.04000000000000001,2.8225000000000002,4.33,5.262500000000001,8.733,Moderate-Low Spread,0.75,2.1720911262172127,2.342857488775939,2.9070766770074394,-4.8403026887815725,0.0
2011-05-31,5.09,1.56,3.53,103.64643096923828,0.09,-1.121410257847277,No Change,none,-0.010000000000000009,2.8900000000000006,4.33,5.262500000000001,8.733,Moderate-Low Spread,0.75,-0.8410576933854579,2.3165844445700623,2.882626484962854,-5.907433295765996,-0.8410576933854608
2011-06-30,5.42,1.64,3.78,101.89793395996094,0.09,-1.6869823619843571,No Change,none,0.0,3.0500000000000003,4.33,5.262500000000001,8.733,Moderate-Low Spread,0.75,-1.2652367714882677,2.277504073589692,2.8461544346904444,-7.494758300004789,-2.095653093667582
2011-07-31,5.58,1.66,3.92,99.85953521728516,0.07,-2.000431866927488,No Change,none,-0.01999999999999999,3.2275,4.33,5.262500000000001,8.733,Moderate-Low Spread,0.75,-1.500323900195616,2.231944156331032,2.8034528994703063,-9.345262633549789,-3.5645354096337067
2011-08-31,7.3,2.21,5.09,94.3696517944336,0.1,-5.497605622643931,No Change,none,0.03,3.2700000000000005,4.41,5.262500000000001,8.733,Moderate-High Spread,0.5,-2.7488028113219656,2.1092406688983045,2.7263915073555793,-14.329102572200847,-6.215356171405095
2011-09-30,8.41,2.57,5.84,87.81842803955078,0.08,-6.942087451115553,No Change,none,-0.020000000000000004,3.285,4.455,5.425,8.733,High Spread (Caution),0.25,-1.7355218627788882,1.9628153371088897,2.6790743866804765,-20.276451191794166,-7.843009168979664
2011-10-31,7.07,2.22,4.85,97.403564453125,0.07,10.914721007369169,No Change,none,-0.009999999999999995,3.4175,4.55,5.425,8.733,Moderate-High Spread,0.5,5.457360503684584,2.1770511550441776,2.825281134123507,-11.574848262204718,-2.813669949983344
2011-11-30,7.79,2.66,5.13,97.00777435302734,0.08,-0.4063404684621408,No Change,none,0.009999999999999995,3.5124999999999997,4.63,5.425,8.733,Moderate-High Spread,0.5,-0.2031702342310704,2.168204915182111,2.819541003825622,-11.934155438014427,-3.0111236443865375
2011-12-31,7.23,2.57,4.66,98.02130889892578,0.07,1.0447972367761071,No Change,none,-0.009999999999999995,3.695,4.655,5.425,8.733,Moderate-High Spread,0.5,0.5223986183880536,2.1908582602235773,2.834270247074492,-11.01404592748726,-2.504455094314706
2012-01-31,6.61,2.29,4.32,102.56703186035156,0.08,4.637484453623331,No Change,none,0.009999999999999995,3.7725,4.655,5.425,8.733,Moderate-Low Spread,0.75,3.478113340217498,2.292458971442368,2.9328493786358054,-6.887336141466083,0.0
2012-02-29,5.98,2.03,3.9500000000000006,107.0189971923828,0.1,4.340542230073252,No Change,none,0.020000000000000004,3.7875,4.655,5.425,8.733,Moderate-Low Spread,0.75,3.255406672554939,2.391964121204927,3.028325553003901,-2.845741645140265,0.0
2012-03-31,5.99,1.92,4.07,110.4610824584961,0.13,3.2163310780473964,No Change,none,0.03,3.865,4.655,5.425,8.733,Moderate-Low Spread,0.75,2.4122483085355473,2.4688976066109847,3.1013762849331874,0.0,0.0
2012-04-30,6.04,2.03,4.01,109.72371673583984,0.14,-0.6675343987628479,No Change,none,0.010000000000000009,3.9125,4.655,5.425,8.733,Moderate-Low Spread,0.75,-0.5006507990721359,2.4524168658166237,3.0858492197804357,-0.6675343987628479,-0.5006507990721332
2012-05-31,6.96,2.29,4.67,103.13418579101562,0.16,-6.005566654917949,No Change,none,0.01999999999999999,3.9425000000000003,4.665,5.425,8.733,Moderate-High Spread,0.5,-3.0027833274589746,2.3051353362835565,2.9931878538983456,-6.6330118304186,-3.4884006678077895
2012-06-30,6.44,2.15,4.290000000000001,107.3194808959961,0.16,4.058106507440007,No Change,none,0.0,3.995,4.665,5.425,8.733,Moderate-Low Spread,0.75,3.043579880580005,2.3986801833705784,3.08428791720756,-2.844080007708083,-0.5509930481072067
2012-07-31,6.16,1.94,4.220000000000001,108.5889892578125,0.16,1.1829244338655398,No Change,none,0.0,4.040000000000001,4.665,5.425,8.733,Moderate-Low Spread,0.75,0.8871933253991549,2.4270547573499597,3.1116515137451177,-1.6947988911724,0.0
2012-08-31,5.98,1.86,4.12,111.30948638916016,0.13,2.505315824322341,No Change,none,-0.03,4.057500000000001,4.665,5.425,8.733,Moderate-Low Spread,0.75,1.8789868682417556,2.4878601442508166,3.170119037073834,0.0,0.0
2012-09-30,5.74,1.69,4.050000000000001,114.1313018798828,0.14,2.535107817187332,No Change,none,0.010000000000000009,4.057500000000001,4.665,5.425,8.733,Low Spread (Buy),1.0,2.535107817187332,2.5509300812484073,3.2504849725968366,0.0,0.0
2012-10-31,5.63,1.51,4.12,112.05427551269533,0.16,-1.8198568955022143,No Change,none,0.01999999999999999,4.067500000000001,4.665,5.425,8.733,Moderate-Low Spread,0.75,-1.3648926716266607,2.5045068042653678,3.2061193414135363,-1.8198568955022143,-1.3648926716266718
2012-11-30,5.65,1.6,4.050000000000001,112.68846893310548,0.16,0.5659698547944236,No Change,none,0.0,4.067500000000001,4.665,5.425,8.733,Low Spread (Buy),1.0,0.5659698547944236,2.518681557788785,3.2242650103946704,-1.264186882136742,-0.8066476979039505
2012-12-31,5.34,1.54,3.8,113.69527435302734,0.16,0.8934413870859581,No Change,none,0.0,4.067500000000001,4.665,5.425,8.733,Low Spread (Buy),1.0,0.8934413870859581,2.541184501234971,3.2530719284268677,-0.3820402638659015,0.0
2013-01-31,4.95,1.48,3.47,119.51535034179688,0.14,5.119013100490011,No Change,none,-0.01999999999999999,4.057500000000001,4.665,5.425,8.733,Low Spread (Buy),1.0,5.119013100490011,2.6712680687608112,3.419597106611402,0.0,0.0
2013-02-28,4.98,1.49,3.49,121.04022216796876,0.15,1.275879476411146,No Change,none,0.009999999999999981,4.050000000000001,4.635,5.425,8.733,Low Spread (Buy),1.0,1.275879476411146,2.7053502298100547,3.463227044270606,0.0,0.0
2013-03-31,4.86,1.51,3.3500000000000005,125.63626098632812,0.14,3.797116971564552,No Change,none,-0.009999999999999981,4.050000000000001,4.55,5.425,8.733,Low Spread (Buy),1.0,3.797116971564552,2.8080755425264328,3.5947298261324185,0.0,0.0
2013-04-30,4.55,1.47,3.08,128.05003356933594,0.15,1.921238792095603,No Change,none,0.009999999999999981,4.040000000000001,4.55,5.425,8.733,Low Spread (Buy),1.0,1.921238792095603,2.8620253791607997,3.6637931700231054,0.0,0.0
2013-05-31,4.62,1.47,3.1500000000000004,131.07322692871094,0.11,2.360946947927212,No Change,none,-0.039999999999999994,3.995,4.55,5.425,8.733,Low Spread (Buy),1.0,2.360946947927212,2.9295962799989987,3.7502933830491316,0.0,0.0
2013-06-30,5.21,1.67,3.54,129.32423400878906,0.09,-1.3343632112400303,No Change,none,-0.020000000000000004,3.9425000000000003,4.455,5.425,8.733,Low Spread (Buy),1.0,-1.3343632112400303,2.8905048250008356,3.7002508478321547,-1.3343632112400305,-1.3343632112400305
2013-07-31,4.71,1.53,3.18,136.00729370117188,0.09,5.1676777702225785,No Change,none,0.0,3.8899999999999997,4.41,5.425,8.733,Low Spread (Buy),1.0,5.1676777702225785,3.039876800289615,3.8914678883380494,0.0,0.0
2013-08-31,4.76,1.55,3.21,131.9281005859375,0.08,-2.999245852356247,No Change,none,-0.009999999999999995,3.795,4.36,5.425,8.733,Low Spread (Buy),1.0,-2.999245852356247,2.948703421440189,3.774753199101295,-2.999245852356247,-2.999245852356247
2013-09-30,4.83,1.56,3.27,136.1030731201172,0.08,3.164581704456615,No Change,none,0.0,3.7725,4.305000000000001,5.2025,8.733,Low Spread (Buy),1.0,3.164581704456615,3.0420175504337714,3.8942083482284455,0.0,0.0
2013-10-31,4.36,1.45,2.91,142.4055938720703,0.09,4.63069687367812,No Change,none,0.009999999999999995,3.6975,4.260000000000001,5.1,7.905,Low Spread (Buy),1.0,4.63069687367812,3.1828841620384476,4.074537332464373,0.0,0.0
2013-11-30,4.27,1.41,2.8599999999999994,146.6261749267578,0.08,2.963774764690097,No Change,none,-0.009999999999999995,3.5375,4.2250000000000005,5.0525,7.299000000000001,Low Spread (Buy),1.0,2.963774764690097,3.277217679622261,4.195297441701829,0.0,0.0
2013-12-31,4.0,1.28,2.72,150.4276580810547,0.09,2.592636107567947,No Change,none,0.009999999999999995,3.52,4.19,4.9875,6.655000000000001,Low Spread (Buy),1.0,2.592636107567947,3.3621840085077483,4.304066237995265,0.0,0.0
2014-01-31,4.21,1.3,2.91,145.12538146972656,0.07,-3.5248016747499333,No Change,none,-0.01999999999999999,3.4850000000000003,4.140000000000001,4.9625,6.5,Low Spread (Buy),1.0,-3.5248016747499333,3.2436736902676926,4.152356439156061,-3.5248016747499444,-3.5248016747499444
2014-02-28,3.81,1.22,2.59,151.73081970214844,0.07,4.551538928288568,No Change,none,0.0,3.4675000000000002,4.12,4.885,5.905000000000001,Low Spread (Buy),1.0,4.551538928288568,3.391310760986881,4.341352558925546,0.0,0.0
2014-03-31,3.77,1.19,2.58,152.989501953125,0.08,0.8295494965672612,No Change,none,0.009999999999999995,3.4325,4.095000000000001,4.852499999999999,5.606000000000001,Low Spread (Buy),1.0,0.8295494965672612,3.419443362331679,4.377366227222323,0.0,0.0
2014-04-30,3.71,1.14,2.5700000000000003,154.0530242919922,0.09,0.6951603379904192,No Change,none,0.009999999999999995,3.3350000000000004,4.065,4.76,5.454000000000001,Low Spread (Buy),1.0,0.6951603379904192,3.443213976366655,4.4077959410825605,0.0,0.0
2014-05-31,3.67,1.12,2.55,157.6280975341797,0.09,2.3206770906433416,No Change,none,0.0,3.285,4.055000000000001,4.7075000000000005,5.422,Low Spread (Buy),1.0,2.3206770906433416,3.523119854298026,4.51008665168957,0.0,0.0
2014-06-30,3.53,1.09,2.4399999999999995,160.8822479248047,0.1,2.0644481799441783,No Change,none,0.010000000000000009,3.2700000000000005,4.050000000000001,4.6775,5.159000000000001,Low Spread (Buy),1.0,2.0644481799441783,3.5958528380073336,4.6031950534842805,0.0,0.0
2014-07-31,4.04,1.1,2.94,158.72042846679688,0.09,-1.3437277797226144,No Change,none,-0.010000000000000009,3.27,4.03,4.6625,5.094,Low Spread (Buy),1.0,-1.3437277797226144,3.547534364505085,4.541340642795795,-1.3437277797226144,-1.3437277797226144
2014-08-31,3.84,1.12,2.72,164.98403930664062,0.09,3.94631674091912,No Change,none,0.0,3.255,3.9800000000000004,4.532500000000001,5.045,Low Spread (Buy),1.0,3.94631674091912,3.6875313070214077,4.7205563288446095,0.0,0.0
2014-09-30,4.4,1.2,3.2,162.7078857421875,0.09,-1.3796204614815233,No Change,none,0.0,3.2075,3.9350000000000005,4.4375,4.977,Low Spread (Buy),1.0,-1.3796204614815233,3.6366573705862035,4.655430567836108,-1.3796204614815233,-1.3796204614815344
2014-10-31,4.3,1.27,3.03,166.5398712158203,0.09,2.355131993851023,No Change,none,0.0,3.1950000000000003,3.86,4.405,4.961000000000001,Low Spread (Buy),1.0,2.355131993851023,3.7223054518276206,4.765072102590737,0.0,0.0
2014-11-30,4.67,1.35,3.32,171.11500549316406,0.09,2.74717053876834,No Change,none,0.0,3.1950000000000003,3.79,4.34,4.87,Moderate-Low Spread,0.75,2.0603779040762547,3.824563530563197,4.863250595305818,0.0,0.0
2014-12-31,5.04,1.44,3.6,170.68092346191406,0.12,-0.2536785304123046,No Change,none,0.03,3.1950000000000003,3.7649999999999997,4.297500000000001,4.87,Moderate-Low Spread,0.75,-0.19025889780922844,3.8148614340041793,4.853997828325489,-0.2536785304123046,-0.19025889780921457
2015-01-31,5.26,1.53,3.73,165.62379455566406,0.11,-2.9629139587930897,No Change,none,-0.009999999999999995,3.1950000000000003,3.74,4.245000000000001,4.87,Moderate-Low Spread,0.75,-2.2221854690948173,3.7018303720674552,4.746132993914261,-3.2090762126173455,-2.408216461323265
2015-02-28,4.46,1.32,3.14,174.9326171875,0.11,5.620462118266079,No Change,none,0.0,3.1725000000000003,3.665,4.2225,4.861,Low Spread (Buy),1.0,5.620462118266079,3.909890345811975,5.01288760091974,0.0,0.0
2015-03-31,4.82,1.36,3.46,172.1851806640625,0.11,-1.5705684666528996,No Change,none,0.0,3.1725000000000003,3.5700000000000003,4.175000000000001,4.861,Moderate-Low Spread,0.75,-1.1779263499896748,3.848482840959946,4.95383947697314,-1.5705684666528996,-1.1779263499896886
2015-04-30,4.59,1.34,3.25,173.87843322753906,0.12,0.9833904154505246,No Change,none,0.009999999999999995,3.1725000000000003,3.535,4.175000000000001,4.861,Moderate-Low Spread,0.75,0.7375428115878935,3.886328452358204,4.990376163933159,-0.6026228709715364,-0.44907124952194843
2015-05-31,4.58,1.38,3.2,176.11387634277344,0.12,1.2856356442486838,No Change,none,0.0,3.1725000000000003,3.51,4.13,4.715000000000001,Moderate-Low Spread,0.75,0.9642267331865129,3.9362924761942995,5.038494704992369,0.0,0.0
2015-06-30,5.0,1.48,3.52,172.53659057617188,0.13,-2.0312344721996944,No Change,none,0.010000000000000009,3.1725000000000003,3.505,4.12,4.673,Moderate-High Spread,0.5,-1.0156172360998472,3.8563371464912377,4.987322884328489,-2.0312344721996944,-1.0156172360998306
2015-07-31,5.36,1.58,3.78,176.43409729003906,0.13,2.2589450161567326,No Change,none,0.0,3.1725000000000003,3.505,4.0825000000000005,4.6610000000000005,Moderate-High Spread,0.5,1.1294725080783663,3.943449682268102,5.043653325196082,0.0,0.0
2015-08-31,5.7,1.69,4.01,165.68038940429688,0.14,-6.095028144171144,No Change,none,0.010000000000000009,3.1725000000000003,3.505,4.055000000000001,4.444,Moderate-High Spread,0.5,-3.047514072085572,3.703095314282634,4.889947280363519,-6.095028144171144,-3.0475140720855665
2015-09-30,6.62,1.78,4.84,161.45291137695312,0.14,-2.5515862453870497,No Change,none,0.0,3.1725000000000003,3.505,4.055000000000001,4.6610000000000005,Very High Spread (Reduce Exposure),0.1,-0.25515862453870497,3.608607643589826,4.877470158142276,-8.49109448977905,-3.2948967016353192
2015-10-31,5.9,1.66,4.24,175.1860809326172,0.12,8.505990656062234,No Change,none,-0.020000000000000018,3.1725000000000003,3.505,4.055000000000001,4.6610000000000005,High Spread (Caution),0.25,2.1264976640155586,3.915555472567524,4.981189447118227,-0.7073555376148399,-1.238464939011763
2015-11-30,6.4,1.62,4.78,175.82643127441406,0.12,0.3655258102629677,No Change,none,0.0,3.1725000000000003,3.505,4.055000000000001,4.681,Very High Spread (Reduce Exposure),0.1,0.03655258102629677,3.9298678384349226,4.983010200426959,-0.34441529441217034,-1.2023650488857784
2015-12-31,6.95,1.73,5.220000000000001,172.78765869140625,0.24,-1.7282797364323257,Rate Increase,increase,0.12,3.1725000000000003,3.505,4.0825000000000005,4.7860000000000005,Very High Spread (Reduce Exposure),0.1,-0.17282797364323257,3.861948728914681,4.9743981648711255,-2.066742571101998,-1.3731149993792213
2016-01-31,7.77,2.02,5.75,164.1851806640625,0.34,-4.978641468085132,Rate Increase,increase,0.10000000000000003,3.1725000000000003,3.525,4.12,4.841,Very High Spread (Reduce Exposure),0.1,-0.4978641468085132,3.669676148020748,4.949632419888731,-6.942488336503672,-1.8641428989113806
2016-02-29,7.75,2.05,5.7,164.04953002929688,0.38,-0.0826205107044231,No Change,none,0.03999999999999998,3.1725000000000003,3.535,4.1450000000000005,4.874,Very High Spread (Reduce Exposure),0.1,-0.00826205107044231,3.666644242846055,4.949223478730401,-7.019372927888878,-1.8722509335434845
2016-03-31,7.05,1.7,5.35,175.08448791503906,0.36,6.726601340321725,No Change,none,-0.020000000000000018,3.1725000000000003,3.5700000000000003,4.2250000000000005,5.094,Very High Spread (Reduce Exposure),0.1,0.6726601340321725,3.913284783630167,4.982514932015981,-0.7649368210167151,-1.212184685150297
2016-04-30,6.21,1.52,4.69,175.77450561523438,0.37,0.3941055592144415,No Change,none,0.010000000000000009,3.1725000000000003,3.665,4.2525,5.094,High Spread (Caution),0.25,0.09852638980361038,3.9287072565103465,4.987424024099922,-0.37384592033836705,-1.1148526171547268
2016-05-31,5.97,1.54,4.43,178.76473999023438,0.37,1.7011763819410497,No Change,none,0.0,3.1725000000000003,3.755,4.297500000000001,5.094,High Spread (Caution),0.25,0.4252940954852624,3.9955414964737046,5.0086352439912325,0.0,-0.6942999240235781
2016-06-30,6.21,1.62,4.59,179.38609313964844,0.38,0.3475814914328134,No Change,none,0.010000000000000009,3.1725000000000003,3.755,4.3475,5.094,High Spread (Caution),0.25,0.08689537285820335,4.009429259197965,5.012987516261606,0.0,-0.6080078656731103
2016-07-31,5.69,1.5,4.19,185.9285125732422,0.39,3.647116294851571,No Change,none,0.010000000000000009,3.1725000000000003,3.755,4.3475,5.094,Moderate-High Spread,0.5,1.8235581474257856,4.155657807040721,5.104402258543832,0.0,0.0
2016-08-31,5.1,1.39,3.71,186.1511993408203,0.4,0.1197701011513174,No Change,none,0.010000000000000009,3.1725000000000003,3.7199999999999998,4.297500000000001,4.878,Moderate-Low Spread,0.75,0.08982757586348805,4.160635042599717,5.108987419355003,0.0,0.0
2016-09-30,4.97,1.43,3.54,186.16200256347656,0.4,0.0058034665876505,No Change,none,0.0,3.1725000000000003,3.6550000000000002,4.2525,4.841,Moderate-Low Spread,0.75,0.004352599940737875,4.160876503664248,5.10920979313839,0.0,0.0
2016-10-31,4.91,1.38,3.53,182.9345550537109,0.4,-1.7336768327173235,No Change,none,0.0,3.1725000000000003,3.5700000000000003,4.2250000000000005,4.7860000000000005,Moderate-Low Spread,0.75,-1.3002576245379927,4.088740351682242,5.042776903249466,-1.7336768327173346,-1.3002576245380038
2016-11-30,4.67,1.36,3.31,189.6735076904297,0.41,3.68380519182947,No Change,none,0.009999999999999953,3.1725000000000003,3.54,4.197500000000001,4.699000000000001,Moderate-Low Spread,0.75,2.7628538938721023,4.239361581037939,5.182101461280177,0.0,0.0
2016-12-31,4.22,1.3,2.92,193.51852416992188,0.54,2.0271763443989954,Rate Increase,increase,0.13000000000000006,3.1475000000000004,3.535,4.1375,4.699000000000001,Low Spread (Buy),1.0,2.0271763443989954,4.32530091616228,5.287151796246003,0.0,0.0
2017-01-31,4.0,1.28,2.72,196.9815368652344,0.65,1.789499330964173,Rate Increase,increase,0.10999999999999999,3.125,3.525,4.12,4.699000000000001,Low Spread (Buy),1.0,1.789499330964173,4.402702147119191,5.381765342266886,0.0,0.0
2017-02-28,3.74,1.21,2.53,204.72116088867188,0.66,3.9291114013048745,No Change,none,0.010000000000000009,3.0675,3.505,4.12,4.699000000000001,Low Spread (Buy),1.0,3.9291114013048745,4.575689219147145,5.593220897921368,0.0,0.0
2017-03-31,3.92,1.24,2.68,204.97711181640625,0.79,0.1250241678111496,Rate Increase,increase,0.13,3.0075,3.4800000000000004,4.12,4.699000000000001,Low Spread (Buy),1.0,0.1250241678111496,4.5814099365150085,5.600213775802834,0.0,0.0
2017-04-30,3.81,1.23,2.58,207.01171875,0.9,0.9926020108118828,Rate Increase,increase,0.10999999999999999,2.935,3.465,4.12,4.699000000000001,Low Spread (Buy),1.0,0.9926020108118828,4.626885103668392,5.655801610351217,0.0,0.0
2017-05-31,3.74,1.19,2.5500000000000003,209.93328857421875,0.91,1.4113064911784212,No Change,none,0.010000000000000009,2.9175,3.4050000000000002,4.067500000000001,4.699000000000001,Low Spread (Buy),1.0,1.4113064911784212,4.692184633475831,5.735622305606277,0.0,0.0
2017-06-30,3.77,1.15,2.62,211.2715301513672,1.04,0.6374603981280202,Rate Increase,increase,0.13,2.91,3.335,4.050000000000001,4.699000000000001,Low Spread (Buy),1.0,0.6374603981280202,4.7220954523212875,5.772184626390715,0.0,0.0
2017-07-31,3.61,1.09,2.52,215.6140899658203,1.15,2.0554401302162573,Rate Increase,increase,0.10999999999999988,2.8975,3.315,4.02,4.699000000000001,Low Spread (Buy),1.0,2.0554401302162573,4.819155297235416,5.890828425591723,0.0,0.0
2017-08-31,3.85,1.16,2.6900000000000004,216.2431640625,1.16,0.2917592708247429,No Change,none,0.010000000000000009,2.8249999999999997,3.29,3.8525,4.699000000000001,Low Spread (Buy),1.0,0.2917592708247429,4.833215629590542,5.908015463651766,0.0,0.0
2017-09-30,3.56,1.07,2.49,220.600341796875,1.15,2.014943572096306,No Change,none,-0.010000000000000009,2.72,3.26,3.7849999999999997,4.699000000000001,Low Spread (Buy),1.0,2.014943572096306,4.930602197244531,6.027058641475072,0.0,0.0
2017-10-31,3.51,1.01,2.5,225.79861450195312,1.15,2.3564209659586943,No Change,none,0.0,2.72,3.23,3.7424999999999997,4.699000000000001,Low Spread (Buy),1.0,2.3564209659586943,5.0467879411684216,6.169081514933416,0.0,0.0
2017-11-30,3.61,1.03,2.58,232.70037841796875,1.16,3.056601534619219,No Change,none,0.010000000000000009,2.7125000000000004,3.205,3.715,4.699000000000001,Low Spread (Buy),1.0,3.056601534619219,5.2010481388271534,6.357645755190782,0.0,0.0
2017-12-31,3.63,0.99,2.64,235.52252197265625,1.3,1.212779959308219,Rate Increase,increase,0.14000000000000012,2.6875000000000004,3.2,3.6275,4.699000000000001,Low Spread (Buy),1.0,1.212779959308219,5.264125408328822,6.434750008793545,0.0,0.0
2018-01-31,3.29,0.91,2.38,248.7963409423828,1.41,5.635902188270392,Rate Increase,increase,0.10999999999999988,2.67,3.1900000000000004,3.6275,4.699000000000001,Low Spread (Buy),1.0,5.635902188270392,5.560806367410124,6.797406225348869,0.0,0.0
2018-02-28,3.47,1.01,2.46,239.75006103515625,1.42,-3.636018067211666,No Change,none,0.010000000000000009,2.6350000000000002,3.165,3.6275,4.699000000000001,Low Spread (Buy),1.0,-3.636018067211666,5.3586144432084355,6.550251306893413,-3.636018067211655,-3.636018067211677
2018-03-31,3.72,1.17,2.5500000000000003,233.1783142089844,1.51,-2.741082441354714,Rate Increase,increase,0.09000000000000008,2.6125,3.1450000000000005,3.6275,4.699000000000001,Low Spread (Buy),1.0,-2.741082441354714,5.211730403605752,6.37070351845555,-6.277434255761549,-6.277434255761561
2018-04-30,3.46,1.14,2.3200000000000003,234.3834381103516,1.69,0.5168250338610347,Rate Increase,increase,0.17999999999999994,2.5875,3.1450000000000005,3.6275,4.699000000000001,Low Spread (Buy),1.0,0.5168250338610347,5.238665931028933,6.403628909071994,-5.793052573618452,-5.793052573618473
2018-05-31,3.63,1.22,2.41,240.08102416992188,1.7,2.430882533981693,No Change,none,0.010000000000000009,2.58,3.085,3.6275,4.699000000000001,Low Spread (Buy),1.0,2.430882533981693,5.366011746159965,6.559293605763628,-3.502992342833222,-3.5029923428332443
2018-06-30,3.71,1.3,2.41,241.4617919921875,1.82,0.5751257630792095,Rate Increase,increase,0.1200000000000001,2.58,2.985,3.6275,4.699000000000001,Low Spread (Buy),1.0,0.5751257630792095,5.396873062161988,6.597017793166382,-2.9480131911963303,-2.9480131911963636
2018-07-31,3.46,1.16,2.3,250.4071044921875,1.91,3.7046492640497855,Rate Increase,increase,0.08999999999999986,2.5775,2.9299999999999997,3.6275,4.699000000000001,Low Spread (Buy),1.0,3.7046492640497855,5.596808280341073,6.841414164290153,0.0,0.0
2018-08-31,3.49,1.21,2.28,258.4000549316406,1.91,3.1919822944570297,No Change,none,0.0,2.5650000000000004,2.915,3.6275,4.699000000000001,Low Spread (Buy),1.0,3.1919822944570297,5.7754574097042655,7.05979089310477,0.0,0.0
2018-09-30,3.28,1.13,2.15,259.93634033203125,1.95,0.5945375672606001,No Change,none,0.040000000000000036,2.5500000000000003,2.91,3.6275,4.699000000000001,Low Spread (Buy),1.0,0.5945375672606001,5.809794673686094,7.1017640021343205,0.0,0.0
2018-10-31,3.81,1.25,2.56,241.97369384765625,2.19,-6.910402162864305,Rate Increase,increase,0.24,2.5500000000000003,2.885,3.6275,4.699000000000001,Moderate-Low Spread,0.75,-5.1828016221482285,5.408314496897715,6.733693662230564,-6.910402162864305,-5.182801622148226
2018-11-30,4.29,1.45,2.84,246.462158203125,2.2,1.854938974603848,No Change,none,0.010000000000000231,2.5500000000000003,2.875,3.6275,4.699000000000001,Moderate-Low Spread,0.75,1.391204230952886,5.508635430369821,6.827373093358923,-5.183646931281293,-3.8637007466445494
2018-12-31,5.33,1.59,3.74,224.7614898681641,2.27,-8.804868257737175,Rate Increase,increase,0.06999999999999984,2.5500000000000003,2.915,3.715,4.699000000000001,High Spread (Caution),0.25,-2.2012170644342937,5.023607337926725,6.677087791775311,-13.532101905772908,-5.979869370925018
2019-01-31,4.37,1.38,2.99,242.7571563720703,2.4,8.006561317270933,Rate Increase,increase,0.1299999999999999,2.5500000000000003,2.9299999999999997,3.715,4.699000000000001,Moderate-High Spread,0.5,4.003280658635466,5.42582553977675,6.944390355903562,-6.60899662510327,-2.2159796662274633
2019-02-28,3.92,1.29,2.63,250.62632751464844,2.4,3.241581529533644,No Change,none,0.0,2.5500000000000003,2.9299999999999997,3.715,4.699000000000001,Moderate-Low Spread,0.75,2.431186147150233,5.6017080982988725,7.113221412240327,-3.581651109456474,0.0
2019-03-31,4.05,1.27,2.78,255.16278076171875,2.41,1.81004657094741,No Change,none,0.010000000000000231,2.5500000000000003,2.9299999999999997,3.715,4.699000000000001,Moderate-Low Spread,0.75,1.3575349282105575,5.7031016236466145,7.2097858774324415,-1.8364340915990818,0.0
2019-04-30,3.73,1.17,2.56,265.58673095703125,2.42,4.085215784290575,No Change,none,0.009999999999999787,2.5500000000000003,2.9299999999999997,3.715,4.699000000000001,Moderate-Low Spread,0.75,3.0639118382179316,5.936085631369958,7.430687360441258,0.0,0.0
2019-05-31,4.59,1.35,3.24,248.6500396728516,2.39,-6.377084887919282,No Change,none,-0.029999999999999805,2.5575,2.965,3.715,4.699000000000001,Moderate-High Spread,0.5,-3.188542443959641,5.5575364116379165,7.193756740075644,-6.377084887919294,-3.188542443959641
2019-06-30,4.07,1.22,2.8500000000000005,265.9527587890625,2.38,6.958663324154735,No Change,none,-0.010000000000000231,2.56,2.965,3.715,4.699000000000001,Moderate-Low Spread,0.75,5.218997493116051,5.94426665964111,7.569198724001058,0.0,0.0
2019-07-31,3.93,1.14,2.79,269.9737548828125,2.4,1.5119211818138023,No Change,none,0.020000000000000018,2.56,2.955,3.715,4.699000000000001,Moderate-Low Spread,0.75,1.1339408863603517,6.034139286371719,7.655028963102372,0.0,0.0
2019-08-31,4.13,1.26,2.87,265.45361328125,2.13,-1.6742892669417309,Rate Decrease,decrease,-0.27,2.56,2.955,3.715,4.699000000000001,Moderate-Low Spread,0.75,-1.2557169502062981,5.9331103399476826,7.558903466869494,-1.6742892669417309,-1.2557169502062981
2019-09-30,4.02,1.22,2.8,270.61865234375,2.04,1.9457407260934807,Rate Decrease,decrease,-0.08999999999999986,2.56,2.895,3.715,4.699000000000001,Moderate-Low Spread,0.75,1.4593055445701104,6.048553284156108,7.669210964270222,0.0,0.0
2019-10-31,4.15,1.17,2.9800000000000004,276.6005554199219,1.83,2.210454831684494,Rate Decrease,decrease,-0.20999999999999996,2.56,2.895,3.715,4.699000000000001,Moderate-High Spread,0.5,1.105227415842247,6.182253822472747,7.7539731864261165,0.0,0.0
2019-11-30,4.02,1.11,2.9099999999999997,286.6130065917969,1.55,3.6198232345103554,Rate Decrease,decrease,-0.28,2.56,2.8899999999999997,3.715,4.699000000000001,Moderate-High Spread,0.5,1.8099116172551777,6.40604048275502,7.894313247926095,0.0,0.0
2019-12-31,3.6,1.01,2.59,294.9407653808594,1.55,2.9055760197663094,No Change,none,0.0,2.56,2.8600000000000003,3.715,4.699000000000001,Moderate-Low Spread,0.75,2.179182014824732,6.592172858838472,8.066344702418828,0.0,0.0
2020-01-31,4.03,1.09,2.9400000000000004,294.8216247558594,1.55,-0.0403947636218204,No Change,none,0.0,2.56,2.8600000000000003,3.5825,4.699000000000001,Moderate-High Spread,0.5,-0.0201973818109102,6.589509966194602,8.064715511981097,-0.040394763621820484,-0.02019738181090469
2020-02-29,5.06,1.3,3.76,271.4818420410156,1.58,-7.916577603210529,No Change,none,0.030000000000000027,2.56,2.8600000000000003,3.7175000000000002,4.699000000000001,High Spread (Caution),0.25,-1.9791444008026322,6.067846296049515,7.905103146485062,-7.953774484022591,-1.9989420472623087
2020-03-31,8.77,3.05,5.72,237.58155822753903,0.65,-12.487127521536,Rate Decrease,decrease,-0.93,2.56,2.8600000000000003,3.745,4.7860000000000005,Very High Spread (Reduce Exposure),0.1,-1.2487127521536001,5.310146591251013,7.806391115424007,-19.4477040429633,-3.222693755163597
2020-04-30,7.63,2.17,5.46,267.7505187988281,0.05,12.698359584962128,Rate Decrease,decrease,-0.6,2.56,2.8600000000000003,3.7649999999999997,4.878,Very High Spread (Reduce Exposure),0.1,1.269835958496213,5.984448099896675,7.905519476868514,-9.218883848395876,-1.9937807208026626
2020-05-31,6.54,1.87,4.67,280.50750732421875,0.05,4.764505623600845,No Change,none,0.0,2.56,2.8600000000000003,3.8375,4.878,High Spread (Caution),0.25,1.1911264059002113,6.269577466157727,7.9996842068810805,-4.8936124641850824,-0.8264027635436655
2020-06-30,6.44,1.6,4.84,285.48211669921875,0.08,1.7734318138053151,No Change,none,0.03,2.56,2.8600000000000003,4.055,4.878,High Spread (Caution),0.25,0.4433579534513288,6.380764147533736,8.03515144306328,-3.2069655306639744,-0.38670873247202975
2020-07-31,5.16,1.41,3.75,302.2948303222656,0.09,5.889235310932128,No Change,none,0.009999999999999995,2.56,2.8600000000000003,4.055,4.878,Moderate-High Spread,0.5,2.944617655466064,6.756542362817591,8.271755931099158,0.0,0.0
2020-08-31,5.02,1.36,3.6599999999999993,323.3940734863281,0.1,6.97969037100945,No Change,none,0.010000000000000009,2.56,2.8600000000000003,3.8674999999999997,4.878,Moderate-High Spread,0.5,3.489845185504725,7.228128099528345,8.560427407217324,0.0,0.0
2020-09-30,5.41,1.44,3.97,311.28497314453125,0.09,-3.744379175306312,No Change,none,-0.010000000000000009,2.56,2.8600000000000003,3.8125,4.878,High Spread (Caution),0.25,-0.936094793826578,6.957479576205142,8.480293691929058,-3.7443791753063116,-0.9360947938265918
2020-10-31,5.32,1.34,3.98,303.5235595703125,0.09,-2.4933466899525136,No Change,none,0.0,2.56,2.8600000000000003,3.8125,4.878,High Spread (Caution),0.25,-0.6233366724881284,6.784005489487709,8.427432911412566,-6.144365511032046,-1.5535964441755423
2020-11-30,4.33,1.12,3.21,336.5399169921875,0.09,10.877691823532595,No Change,none,0.0,2.56,2.8600000000000003,3.7525,4.878,Moderate-High Spread,0.5,5.438845911766298,7.521948699925716,8.885788001781775,0.0,0.0
2020-12-31,3.86,1.03,2.83,349.0081787109375,0.09,3.70483888811306,No Change,none,0.0,2.56,2.845,3.7425,4.705000000000001,Moderate-Low Spread,0.75,2.7786291660847953,7.800624780504478,9.132691098835746,0.0,0.0
2021-01-31,3.84,1.03,2.81,345.4515686035156,0.09,-1.0190621092486252,No Change,none,0.0,2.56,2.835,3.7175000000000002,4.672,Moderate-Low Spread,0.75,-0.7642965819364689,7.721131569081698,9.06289025292853,-1.0190621092486252,-0.7642965819364633
2021-02-28,3.57,0.95,2.62,355.0570373535156,0.08,2.78055438822582,No Change,none,-0.009999999999999995,2.56,2.8200000000000003,3.6724999999999994,4.598,Moderate-Low Spread,0.75,2.085415791169365,7.935821831746488,9.25188919739945,0.0,0.0
2021-03-31,3.36,0.97,2.39,371.1763916015625,0.07,4.53993374365862,No Change,none,-0.009999999999999995,2.5575,2.8049999999999997,3.57,4.446,Low Spread (Buy),1.0,4.53993374365862,8.296102884922576,9.671918836998094,0.0,0.0
2021-04-30,3.28,0.94,2.34,390.8155517578125,0.07,5.2910585372928365,No Change,none,0.0,2.5500000000000003,2.795,3.5324999999999998,4.214,Low Spread (Buy),1.0,5.2910585372928365,8.735054544877869,10.183665724343115,0.0,0.0
2021-05-31,3.34,0.91,2.43,393.381591796875,0.06,0.656585959161804,No Change,none,-0.010000000000000009,2.545,2.785,3.365,4.001,Low Spread (Buy),1.0,0.656585959161804,8.792407686544662,10.250530243617124,0.0,0.0
2021-06-30,3.04,0.86,2.18,402.20416259765625,0.08,2.242751309353808,No Change,none,0.020000000000000004,2.5275,2.75,3.2575000000000003,3.971,Low Spread (Buy),1.0,2.242751309353808,8.989599525058367,10.480424144871556,0.0,0.0
2021-07-31,3.32,0.92,2.4,412.0229797363281,0.1,2.4412519938273425,No Change,none,0.020000000000000004,2.515,2.705,3.2175000000000002,3.781,Low Spread (Buy),1.0,2.4412519938273425,9.209058302700948,10.736277708269794,0.0,0.0
2021-08-31,3.21,0.92,2.29,424.2846984863281,0.09,2.9759793392705403,No Change,none,-0.010000000000000009,2.4975,2.6850000000000005,3.045,3.781,Low Spread (Buy),1.0,2.9759793392705403,9.483117975130707,11.055787114674612,0.0,0.0
2021-09-30,3.15,0.89,2.26,404.5107421875,0.08,-4.6605395785833,No Change,none,-0.009999999999999995,2.4825,2.66,2.9825000000000004,3.781,Low Spread (Buy),1.0,-4.6605395785833,9.041153508615993,10.540527780471288,-4.6605395785833,-4.6605395785833
2021-10-31,3.15,0.89,2.26,432.89263916015625,0.08,7.016351857350811,No Change,none,0.0,2.4525,2.635,2.95,3.781,Low Spread (Buy),1.0,7.016351857350811,9.675512650743709,11.280088297170964,0.0,0.0
2021-11-30,3.67,1.03,2.64,429.4144287109375,0.08,-0.803481079273316,No Change,none,0.0,2.4525,2.635,2.925,3.781,Moderate-High Spread,0.5,-0.401740539636658,9.597771737272287,11.234771609574418,-0.803481079273316,-0.40174053963666356
2021-12-31,3.1,0.98,2.12,449.2738342285156,0.08,4.624764374404977,No Change,none,0.0,2.4250000000000003,2.625,2.9175,3.781,Low Spread (Buy),1.0,4.624764374404977,10.041646065314366,11.75435332451978,0.0,0.0
2022-01-31,3.63,1.1,2.53,425.5785827636719,0.08,-5.274122296824335,No Change,none,0.0,2.4250000000000003,2.62,2.9175,3.781,Moderate-Low Spread,0.75,-3.9555917226182515,9.512037371215436,11.289399097367772,-5.274122296824347,-3.955591722618257
2022-02-28,3.77,1.3,2.47,413.0167236328125,0.08,-2.951713182858895,No Change,none,0.0,2.4250000000000003,2.62,2.9175,3.781,Moderate-Low Spread,0.75,-2.213784887144171,9.231269310170806,11.039476086300855,-8.070158516567771,-6.081808318009962
2022-03-31,3.43,1.22,2.21,428.5422973632813,0.2,3.759066604835981,Rate Increase,increase,0.12000000000000001,2.41,2.605,2.9175,3.781,Low Spread (Buy),1.0,3.759066604835981,9.578278872011909,11.454457345209844,-4.614454545485424,-2.5513609386264346
2022-04-30,3.97,1.41,2.5600000000000005,390.9295349121094,0.33,-8.77690782977415,Rate Increase,increase,0.13,2.41,2.605,2.9175,3.781,Moderate-Low Spread,0.75,-6.582680872330612,8.737602163736693,10.700446972517447,-12.986355952955497,-8.966093862465973
2022-05-31,4.22,1.4,2.82,391.8119201660156,0.77,0.2257146557383071,Rate Increase,increase,0.44,2.41,2.62,2.9175,3.781,Moderate-High Spread,0.5,0.11285732786915355,8.757324212380354,10.712523211040685,-12.789953405849353,-8.863355428544251
2022-06-30,5.87,1.64,4.23,359.50299072265625,1.21,-8.246030245754055,Rate Increase,increase,0.43999999999999995,2.41,2.625,2.95,3.971,Very High Spread (Reduce Exposure),0.1,-0.8246030245754055,8.035192609108726,10.624187420634101,-19.981320225339218,-9.614870956177013
2022-07-31,4.83,1.53,3.3,392.6087036132813,1.68,9.208744779585132,Rate Increase,increase,0.47,2.41,2.635,2.9825000000000004,3.971,High Spread (Caution),0.25,2.302186194896283,8.775132989029636,10.868775996751847,-12.612604228897206,-7.534036993090931
2022-08-31,5.03,1.48,3.5500000000000003,376.5894165039063,2.33,-4.080217010459853,Rate Increase,increase,0.6500000000000001,2.41,2.635,3.045,3.971,High Spread (Caution),0.25,-1.0200542526149632,8.417088520120775,10.757908584989785,-16.178199616147616,-8.47723998096428
2022-09-30,5.43,1.67,3.76,341.7752990722656,2.56,-9.244582005208713,Rate Increase,increase,0.22999999999999998,2.41,2.64,3.2175000000000002,3.971,High Spread (Caution),0.25,-2.311145501302178,7.638963869427201,10.509277664693592,-23.92717469087521,-10.592464131811818
2022-10-31,4.63,1.66,2.97,369.5533142089844,3.08,8.127566624071726,Rate Increase,increase,0.52,2.41,2.71,3.2175000000000002,3.971,Moderate-High Spread,0.5,4.063783312035863,8.259825747303664,10.936351936646924,-17.744305131062397,-6.959135609497902
2022-11-30,4.55,1.42,3.13,390.0972900390625,3.78,5.559137217873911,Rate Increase,increase,0.6999999999999997,2.41,2.785,3.2175000000000002,3.971,Moderate-High Spread,0.5,2.7795686089369553,8.719000794553553,11.240335342040831,-13.171598183782486,-4.373000949415895
2022-12-31,4.81,1.38,3.43,367.61669921875,4.1,-5.76281645485448,Rate Increase,increase,0.31999999999999984,2.41,2.795,3.255,3.971,High Spread (Caution),0.25,-1.44070411371362,8.216540782066128,11.078395368372844,-18.175359611134645,-5.750703058558537
2023-01-31,4.3,1.25,3.05,390.7351989746094,4.33,6.288751246880309,Rate Increase,increase,0.23000000000000043,2.4250000000000003,2.8049999999999997,3.255,3.971,Moderate-High Spread,0.5,3.1443756234401543,8.73325859294874,11.426741731804285,-13.029611518424545,-2.787151140268107
2023-02-28,4.22,1.3,2.92,380.9110412597656,4.57,-2.5142750744301723,Rate Increase,increase,0.2400000000000002,2.4250000000000003,2.815,3.255,3.971,Moderate-High Spread,0.5,-1.2571375372150861,8.513680448960699,11.283091872213152,-15.216286318151884,-4.009250354279958
2023-03-31,4.58,1.45,3.13,395.0343627929688,4.65,3.7077742578671034,Rate Increase,increase,0.08000000000000007,2.4250000000000003,2.825,3.255,3.971,Moderate-High Spread,0.5,1.8538871289335517,8.829348501044327,11.492267660177859,-12.07269760739258,-2.2296902016311293
2023-04-30,4.53,1.41,3.12,401.3450012207031,4.83,1.5974910089129768,Rate Increase,increase,0.17999999999999972,2.46,2.835,3.255,3.971,Moderate-High Spread,0.5,0.7987455044564884,8.970396549494103,11.584061631473636,-10.668066857290947,-1.4487542474234782
2023-05-31,4.69,1.42,3.2700000000000005,403.1976623535156,5.06,0.4616131077196828,Rate Increase,increase,0.22999999999999954,2.5149999999999997,2.845,3.2775000000000003,3.971,Moderate-High Spread,0.5,0.2308065538598414,9.011805075781002,11.610798404922239,-10.255698944524827,-1.2212915133160362
2023-06-30,4.05,1.3,2.75,429.3247985839844,5.08,6.4799820708189015,No Change,none,0.020000000000000462,2.5525,2.845,3.2775000000000003,3.971,Moderate-Low Spread,0.75,4.859986553114176,9.595768428948759,12.175081646110653,-4.440284326548294,0.0
2023-07-31,3.79,1.19,2.6,443.3780517578125,5.12,3.2733383257103066,No Change,none,0.040000000000000036,2.56,2.845,3.2775000000000003,3.971,Moderate-Low Spread,0.75,2.45500374428273,9.909870394579949,12.47398035639215,-1.3122915294693893,0.0
2023-08-31,3.85,1.22,2.63,436.1721801757813,5.33,-1.6252206336021646,Rate Increase,increase,0.20999999999999996,2.5600000000000005,2.845,3.2775000000000003,3.971,Moderate-Low Spread,0.75,-1.2189154752016234,9.748813136164003,12.321933079454476,-2.9161845303616096,-1.2189154752016207
2023-09-30,4.03,1.25,2.78,415.4826354980469,5.33,-4.743435188690004,No Change,none,0.0,2.5825,2.845,3.2775000000000003,3.971,Moderate-Low Spread,0.75,-3.557576391517503,9.286384503383566,11.883570897241219,-7.5212923958713045,-4.733128017540789
2023-10-31,4.42,1.32,3.1,406.4630432128906,5.33,-2.170871058027324,No Change,none,0.0,2.5975,2.8600000000000003,3.2775000000000003,3.971,Moderate-High Spread,0.5,-1.085435529013662,9.084789069862477,11.754582396607036,-9.528885894087058,-5.767188493418363
2023-11-30,3.84,1.11,2.7299999999999995,443.5909729003906,5.33,9.134392488434372,No Change,none,0.0,2.5975,2.8600000000000003,3.2775000000000003,3.971,Moderate-Low Spread,0.75,6.850794366325779,9.914629360250103,12.559864665218914,-1.2648992429936445,0.0
2023-12-31,3.39,1.04,2.35,463.8432922363281,5.33,4.56553910543287,No Change,none,0.0,2.5825,2.8400000000000003,3.2475000000000005,3.971,Low Spread (Buy),1.0,4.56553910543287,10.367285640851051,13.133290198098928,0.0,0.0
2024-01-31,3.59,1.02,2.57,471.2306518554688,5.33,1.5926412525066214,No Change,none,0.0,2.5675,2.825,3.2475000000000005,3.971,Moderate-Low Spread,0.75,1.194480939379966,10.53239930873244,13.290164846228677,0.0,0.0
2024-02-29,3.29,1.0,2.29,495.8227233886719,5.33,5.218690982085295,No Change,none,0.0,2.5600000000000005,2.825,3.2475000000000005,3.971,Low Spread (Buy),1.0,5.218690982085295,11.082052681654474,13.983737480563082,0.0,0.0
2024-03-31,3.15,0.94,2.21,512.0370483398438,5.33,3.270185932656733,No Change,none,0.0,2.5525,2.825,3.2475000000000005,3.971,Low Spread (Buy),1.0,3.270185932656733,11.444456409499548,14.441031696512104,0.0,0.0
2024-04-30,3.18,0.91,2.27,491.3919067382813,5.33,-4.031962466094862,No Change,none,0.0,2.5149999999999997,2.825,3.2475000000000005,3.971,Low Spread (Buy),1.0,-4.031962466094862,10.983020222619938,13.858774718791874,-4.031962466094862,-4.031962466094852
2024-05-31,3.2,0.88,2.3200000000000003,516.2463989257812,5.33,5.057977521949231,No Change,none,0.0,2.46,2.815,3.225,3.971,Low Spread (Buy),1.0,5.057977521949231,11.538538916711193,14.55974842888595,0.0,0.0
2024-06-30,3.21,0.96,2.25,534.4595947265625,5.33,3.528004425537823,No Change,none,0.0,2.4225000000000003,2.8049999999999997,3.225,3.971,Low Spread (Buy),1.0,3.528004425537823,11.945619080335169,15.07341699780422,0.0,0.0
2024-07-31,3.25,0.97,2.28,540.9315185546875,5.33,1.2109285513783652,No Change,none,0.0,2.3975,2.8049999999999997,3.225,3.971,Low Spread (Buy),1.0,1.2109285513783652,12.090271992417849,15.255945307898951,0.0,0.0
2024-08-31,3.17,0.96,2.21,553.570556640625,5.33,2.336532010504344,No Change,none,0.0,2.38,2.79,3.225,3.971,Low Spread (Buy),1.0,2.336532010504344,12.372765067677733,15.612405353523046,0.0,0.0
2024-09-30,3.03,0.92,2.11,565.1981811523438,5.13,2.100477413806412,Rate Decrease,decrease,-0.20000000000000018,2.3475,2.7649999999999997,3.225,3.971,Low Spread (Buy),1.0,2.100477413806412,12.632652203387634,15.9403404017257,0.0,0.0
2024-10-31,2.88,0.86,2.02,560.1546630859375,4.83,-0.8923450631287189,Rate Decrease,decrease,-0.2999999999999998,2.335,2.7399999999999998,3.225,3.971,Low Spread (Buy),1.0,-0.8923450631287189,12.519925355108484,15.798097561104989,-0.8923450631287189,-0.8923450631287189
2024-11-30,2.74,0.83,1.91,593.55859375,4.64,5.963340638822423,Rate Decrease,decrease,-0.1900000000000004,2.3125,2.6849999999999996,3.225,3.971,Low Spread (Buy),1.0,5.963340638822423,13.266531151759901,16.740191933127175,0.0,0.0
2024-12-31,2.92,0.82,2.1,579.2774047851562,4.48,-2.4060285058999265,Rate Decrease,decrease,-0.15999999999999925,2.29,2.6849999999999996,3.225,3.971,Low Spread (Buy),1.0,-2.4060285058999265,12.947334630504464,16.337418143273776,-2.4060285058999265,-2.4060285058999153
2025-01-31,2.68,0.82,1.8600000000000003,594.8347778320312,4.33,2.6856516270723496,Rate Decrease,decrease,-0.15000000000000036,2.2875,2.635,3.225,3.971,Low Spread (Buy),1.0,2.6856516270723496,13.295054933671109,16.77618427946022,0.0,0.0
2025-02-28,2.87,0.88,1.99,587.2835083007812,4.33,-1.269473442486302,No Change,none,0.0,2.2775,2.625,3.15,3.971,Low Spread (Buy),1.0,-1.269473442486302,13.12627774212419,16.56321507536991,-1.269473442486302,-1.269473442486302
2025-03-31,3.55,0.97,2.58,554.5604858398438,4.33,-5.571929400097875,No Change,none,0.0,2.2775,2.6100000000000003,3.13,3.781,Moderate-Low Spread,0.75,-4.178947050073406,12.39489081347227,15.871047087580427,-6.770668678615843,-5.395369869583455
2025-04-30,3.94,1.09,2.85,549.7523193359375,4.33,-0.8670229175496758,No Change,none,0.0,2.2775,2.6100000000000003,3.1225,3.751,Moderate-High Spread,0.5,-0.4335114587748379,12.287424269514204,15.802244279828216,-7.578988347050563,-5.805491781730366
2025-05-31,3.32,0.92,2.4,584.3014526367188,4.33,6.28449068528063,No Change,none,0.0,2.2775,2.59,3.105,3.6689999999999996,Moderate-Low Spread,0.75,4.713368013960473,13.059626303192736,16.547062207201538,-1.77079847847883,-1.3657579604630765
2025-06-30,2.96,0.86,2.1,614.3264770507812,4.33,5.138618820571406,No Change,none,0.0,2.2675,2.575,3.0625,3.5610000000000004,Low Spread (Buy),1.0,5.138618820571406,13.730710718304891,17.397352660032453,0.0,0.0
2025-07-31,2.86,0.79,2.07,628.475341796875,4.33,2.3031507308652444,No Change,none,0.0,2.26,2.5650000000000004,2.99,3.442,Low Spread (Buy),1.0,2.3031507308652444,14.046949682566522,17.798039914973195,0.0,0.0
2025-08-31,2.84,0.81,2.03,641.3713989257812,4.33,2.051959125720848,No Change,none,0.0,2.2575,2.545,2.9325,3.313,Low Spread (Buy),1.0,2.051959125720848,14.33518734846336,18.163248419207928,0.0,0.0
2025-09-30,2.8,0.76,2.04,664.21728515625,4.22,3.562036952182912,Rate Decrease,decrease,-0.11000000000000032,2.24,2.5,2.8675,3.2730000000000006,Low Spread (Buy),1.0,3.562036952182912,14.845812018980276,18.810230039616894,0.0,0.0
2025-10-31,2.94,0.8,2.14,680.050537109375,4.09,2.3837458474752493,Rate Decrease,decrease,-0.1299999999999999,2.21,2.45,2.835,3.216,Low Spread (Buy),1.0,2.3837458474752493,15.1996984465067,19.258618117086804,0.0,0.0
2025-11-30,2.92,0.82,2.1,681.3765869140625,3.88,0.1949928324921357,Rate Decrease,decrease,-0.20999999999999996,2.21,2.415,2.8225,3.144,Low Spread (Buy),1.0,0.1949928324921357,15.229336769037806,19.296171042052155,0.0,0.0
2025-12-31,2.81,0.79,2.02,687.010009765625,3.72,0.8267708283133279,Rate Decrease,decrease,-0.1599999999999997,2.2025,2.4,2.8125,3.144,Low Spread (Buy),1.0,0.8267708283133279,15.355248482789806,19.455706155209285,0.0,0.0
